url,search_query,combined_text
http://faq.us.zyxel.com/Support/Faq.aspx,connect Zyxel NBG-416N to cable modem,"ZyXEL US Support Document Zy XEL US Support Document Search Support Document Website by:1 | 2 | 3 | 4 Next SD-10237: How do I connect the NBG-416N with my Cable Modem so I can get on-line? Synopsis: When you first set up a new wireless router with a cable modem, some steps must be followed so that the cable modem will connec"
https://www.ftc.gov/tips-advice/competition-guidance/guide-antitrust-laws/dealings-competitors/market-division-or,is dividing customers between competitors illegal,"Market Division or Customer Allocation ""Market Division or Customer Allocation Plain agreements among competitors to divide sales territories or assign customers are almost always illegal. These arrangements are essentially agreements not to compete: """"I won't sell in your market if you don't sell in mine."""" The FTC uncovered such an agr"
https://www.thebalance.com/institutional-client-1287036,who are institutional clients in finance,"Learn What an Institutional Client Is in Finance Finance Careers Finance Career Glossary Learn What an Institutional Client Is in Finance Share Flip Pin Share Email•••By Mark Kolakowski Updated October 13, 2017Institutional clients, as defined by most financial services firms, consist of large non-financial corporations, as well as other financial"
http://www.paramedictrainingspot.com/,find paramedic training near me,Paramedic Training Discover schools in your local area that offer EMT or Paramedic training classes. LEARN MOREGet prepared for the NREMT examination with study guides and test questions. LEARN MORELearn how much EMT-Paramedic’s in your city earn annually . LEARN MORECongratulations on your decision to pursue a parame
http://bgr.com/2014/05/20/surface-pro-3-prices-and-release-date/,Surface Pro 3 cost and release details,"Hereâs how much itâll cost you to buy the Surface Pro 3 and its accessories Tablets Image Source: Microsoft Corporation Here’s how much it’ll cost you to buy the Surface Pro 3 and its accessories Chris Smith @chris_writes May 20th, 2014 at 1:08 PMShare Tweet The Surface Pro 3 is most likely one of the best Windows 8.1 tablets/laptops around, and Microsoft is eager to offer"
https://www.biotecharticles.com/Pharmacy-Article/Clinical-Data-Management-Guidelines-and-Importance-2863.html,how to manage clinical trial data,"Clinical Data Management - Guidelines and Importance ""Clinical Data Management - Guidelines and Importance By: Geetanjali Murari | Category: Pharmacy | Date: 2013-03-19 12:14:13 | Views: 5869Article Summary: The management of clinical data is a tedious and lethargic task. It requires project management, team work, planing, execution of the work, etc."
https://www.acronymfinder.com/Slang/RLQ.html,RLQ slang abbreviation meaning,"What does RLQ stand for? What does RLQ stand for? Your abbreviation search returned 7 meaningsshowing only Slang/Internet Slang definitions ( Show all)Link/Page Citation Category Filters All definitions (7) Information Technology (2) Military & Government (0) Science & Medicine (1) Organizations, Schools, etc. (3) Business"
http://geology.about.com/od/minerals/f/mostcommonmin.htm,most common mineral in Earth's crust,"What Is the Most Common Mineral? ""Science, Tech, Math ›Science What Is the Most Common Mineral? Share Flipboard Email Print Quartz is the most common mineral of the Earth's continents. Andrew Alden photoby Andrew Alden Updated January 08, 2018Depending on how the question is worded, the answer could be quartz, feldspar or bridgmani"
https://promisesaplus.com/,spec for implementing JavaScript promises,"Promises/A+ Promises/A+An open standard for sound, interoperable Java Script promises—by implementers, for implementers. A promise represents the eventual result of an asynchronous operation. The primary way of interacting with a promise is through its then method, which registers callbacks to receive either a"
http://www.company-histories.com/Fretter-Inc-Company-History.html,Fretter Michigan electronics chain history,"Fretter, Inc. ""Fretter, Inc. Address: 12501 Grand River Avenue Brighton, Michigan 48116 U. S. A. Telephone: (810) 220-5000 Fax: (810) 220-5686 Statistics: Public Company Incorporated: 1951 Employees: 1,699 Sales: $545.51 million Stock Exchanges: NASDAQ SICs: 5731 Radio, TV & Electronics Stores; 5722 Household App"
"https://www.overstock.com/Clothing-Shoes/Designer-Handbags/Black,/handbag-color,/2102/cat.html",black designer handbags online,"Black Designer Handbags ""Black Designer Handbags Clothing & Shoes / Designer Store / Designer Handbags1-60 of 341 Results Best Selling On Sale Price Low - High Price High - Low Avg. Customer Rating New Arrivals Brands Gucci Fendi Kate Spade Michael Kors Coach Burberry Tory Burch Yves Saint Laurent Dooney & Bourke MCMChloe"
https://www.thestreet.com/quote/SHOP.html,Shopify stock price and profile,"Shopify Inc.  (SHOP) ""Shopify Inc. (SHOP)Follow117.42NYSE : Technology Services Apr 6, 2018 4:02 PM EDTPrev Close 120.14Day Low/High 115.96 / 120.7952 Wk Low/High 67.45 / 154.82Avg Volume 1.73MExchange NYSEShares Outstanding 92.19MMarket Cap 12.61BEPS -0.40P/E Ratio N/ADiv & Yield N. A. (N. A)Summary Profile News Financ"
https://www.edmunds.com/car-news/2015-gmc-sierra-elevation-edition-to-arrive-at-dealership-by-years-end.html,when 2015 Sierra Elevation hits dealerships,"2015 GMC Sierra Elevation Edition To Arrive at Dealerships by Year's End 2015 GMC Sierra Elevation Edition To Arrive at Dealerships by Year's End Published: 09/19/2014 - by Anita Lienert, Correspondent Email Print Comments (0)View Full Screen Just the Facts: The 2015 GMC Sierra Elevation Edition, a special version of the pickup truck with a monochromatic look, is set to"
https://www.thebalance.com/payroll-taxes-3193126,how employers calculate and report payroll taxes,"Payroll Taxes and Employer Responsibilities Taxes Business Taxes Payroll Taxes and Employer Responsibilities How to Calculate and Report Deductions Share Flip Pin Email•••By Diana Van Blaricom Updated January 07, 2018Employers report payroll by calculating gross monthly wage earnings and various payroll deductions to arrive at net pay. Althou"
http://www.imdb.com/title/tt0051247/,1950s wisecracking private detective series,"77 Sunset Strip ""FULL CAST AND CREW | TRIVIA | USER REVIEWS | IMDb Pro | MORESHARE7.8/ 10921Rate This77 Sunset Strip1h | Action, Crime, Drama | TV Series (1958–1964)Episode Guide206 episodes Stu Bailey and Jeff Spencer were the wisecracking, womanizing private detective heroes of this Warner Brothers drama. Stu and"
https://askubuntu.com/questions/831116/install-java-in-a-linux-server-without-admin-rights,install Java without root on Linux,"Install java in a linux server without admin rights ""_Ask Ubuntu is a question and answer site for Ubuntu users and developers. Join them; it only takes a minute: Sign up Here's how it works: Anybody can ask a question Anybody can answer The best answers are voted up and rise to the top Install java in a linux server without admin rightsup vote3down"
https://govtribe.com/vendor/town-of-malabar-fire-department-malabar-fl-dba-fire-department,Malabar FL municipal fire vendor profile,"Town Of Malabar - Fire Department - Malabar FL (DBA Fire Department) Federal Vendor Vendors Town Of Malabar - Malabar, FLAdd Alert Town Of Malabar - Fire Department - Malabar FL (DBA Fire Department) Federal Vendor Last active 1 year ago 0 of 5 with 0 ratings A Gov Tribe Overview Want to better understand the Gov Tribe website? Take a look at our video tutorials. Show me!Name Town"
https://www.salonpricelady.com/supercuts-prices/,average cost for Supercuts haircut,"Supercuts Prices Supercuts Prices Share Tweet Share Share12 comments Haircare is a very tough industry. Not only must a hair salon enterprise be up to date the currents and trends, hair salons must be able to find the talents that will deliver their expertise with that special flavor of charisma that defines custome"
http://gardeningsolutions.ifas.ufl.edu/plants/edibles/fruits/watermelon.html,growing watermelons in Florida,"Watermelon ""Watermelon Watermelon ( Citrullus lanatus) is an iconic summer treat. Watermelon seed-spitting contests are a fond memory for past generations, but perhaps a foreign concept for those who have grown up on the seedless varieties most commonly found in grocery stores today. Florida has a great climat"
https://www.quora.com/Who-is-the-father-of-computers-1,who is considered father of computing,"Who is the father of computers? ""Kajal Saini Answered Dec 29, 2017 · Author has 135 answers and 199.2k answer views Originally Answered: Who is the father of the computer? Father of computing: Charles Babbage was considered to be the father of computing after his invention and concept of the Analytical Engine in 1837. The Analytic"
http://www.wisegeek.com/what-is-corrosion.htm,why metals corrode and prevention,"What is Corrosion? Most people have seen the end results of corrosion on a number of appliances, vehicles, and other items that included metal components. But what is corrosion and how does it develop? Here are the basics of how corrosion begins and what can be done to prevent corrosion from ruining valuable items. Co"
http://www.appliedpulsedpower.com/technologies,high voltage pulsed power systems,"TECHNOLOGIES TECHNOLOGIESHigh voltage, high current, pulsed power engineering We engineer pulsed technology from single rack-mounted drivers to multi-pulser systems and large pulsers consisting of Marx generators and multiple stages of pulse compression. Our repetitively pulsed systems include a solid state 10k"
http://www.mazaldiamond.com/blog-en/types-of-diamond-cut/,best diamond cuts for sparkle,Three Great Options Tweet Three Great Options Cutting a diamond is no simple matter; it takes precision and skill to cut the rough diamond in a way that will ensure maximum diamond brilliance and sparkle. It all began back in the 15 th century when diamond cutters first started to explore the best way to cut a diamond.
http://www.bornrich.com/priyanka-chopra.html,Priyanka Chopra wealth and background,"Priyanka Chopra Net Worth ""Priyanka Chopra Net Worth Net Worth $ 8 Million About Quotes Trivia Born on: 18th Jul 82Born in: India Marital status: Single Occupation: TV/Film Industry Priyanka Chopra net worth is estimated at $8 million. Chopra, Miss World 2000 winner is an Indian film actress and singer. Priyanka Chopra net w"
http://www.digitaltrends.com/computing/intel-core-i5-vs-i7/,Should I choose i5 or i7,"Yes â Core i7 is faster than Core i5. But whatâs the real difference? Computing Yes — Core i7 is faster than Core i5. But what’s the real difference? By Brad Bourque — Posted on November 24, 2017 - 5:00PMAs much as AMD’s Ryzen CPUs made a big comeback for the red team in 2017, Intel’s Core i5 and i7 CPUs are still some of the most popular. But what’s the difference wh"
http://www.answers.com/Q/How_long_is_a_round_in_boxing,standard boxing round duration,"How long is a round in boxing? ""Answers.com ® Wiki Answers ® Categories Jobs & Education Education School Subjects How long is a round in boxing? Flag How long is a round in boxing? Answer by Isadora Duncan Confidence votes 67.2KThe length of a professional boxing round for men is 3 mins and women are 2 mins. The length of an ama"
http://www.beckershospitalreview.com/news-analysis/why-a-physician-owned-orthopedics-specialty-hospital-can-succeed-qaa-with-rothman-specialty-hospital.html,why surgeon-owned orthopedic hospitals succeed,"Why a Physician-Owned Orthopedics Specialty Hospital Can Succeed: Q&A With Rothman Specialty Hospital Why a Physician-Owned Orthopedics Specialty Hospital Can Succeed: Q&A With Rothman Specialty Hospital Written by Laura Dyrda ( Twitter | Google+) | July 11, 2012 | Print | Email Rothman Specialty Hospital, based in Bensalem, Pa., is a 65,000-squre-foot facility in partnership with the physicians of"
http://www.jagranjosh.com/careers/kpo-and-bpo-1286370985-1,KPO vs BPO career prospects,"Career in KPO and BPO Career in KPO and BPOIntroduction Step-by-Step Start Early Is it the Right Career for Me? Job Prospects Pay Packet Demand and Supply Market Watch International Focus Positives/Negatives Different Roles, Different Names Top Companies Tips for Getting Hired Introduction BPOs and KPOs have thrown open"
https://www.sokanu.com/careers/dental-assistant/salary/District%20of%20Columbia/,dental assistant pay in Washington DC,Dental Assistant Salary in District of Columbia How much does a Dental Assistant make in District of Columbia? Table of Contents How much do Dental Assistants make in District of Columbia? Dental Assistant earnings by seniority Dental Assistant Salary Dental Assistant salary comparison Historical salary for Dental Assistants in District of Columb
https://en.wikipedia.org/wiki/Taxation_in_Puerto_Rico,Do Puerto Rico residents pay federal taxes,"Taxation in Puerto Rico ""Taxation in Puerto Rico From Wikipedia, the free encyclopedianavigation search Since Puerto Rico is a U. S. territory only government employees pay federal income tax. All other employers and employees pay no federal income taxes. Contents [ hide ]1 Federal taxes2 Commonwealth taxes2.1 Sales tax3 S"
https://cooking.stackexchange.com/questions/43920/what-is-the-us-equivalent-of-golden-syrup-uk,US substitute for golden syrup,"What is the US equivalent of Golden Syrup (UK)? ""_Seasoned Advice is a question and answer site for professional and amateur chefs. Join them; it only takes a minute: Sign up Here's how it works: Anybody can ask a question Anybody can answer The best answers are voted up and rise to the top What is the US equivalent of Golden Syrup (UK)?up vote9d"
https://www.bigissue.org.uk/,help for homeless magazine vendors,Our work Our work The Big Issue offers people facing poverty and exclusion the opportunity to earn their own money; a livelihood. The Big Issue Foundation is an independent charity working alongside the magazine distribution network. We aim to maximize the success of each vendor’s selling career and engage t
http://www.etonline.com/news/152027_12_shocking_secrets_of_movie_stars_salaries/,how much movie stars really earn,"12 Shocking Secrets of Movie Stars' Salaries ""News12 Shocking Secrets of Movie Stars' Salaries By Zach Seemayer 9:09 PM PDT, October 2, 2014We all knew celebs make big bucks for appearing in films, on TV, in commercials, in video games, and for just showing up at night clubs. But according to this recent comprehensive examination of Hollywood"
http://www.the-ballet.com/petipa.php,Marius Petipa ballet master biography,"Marius Petipa ""Marius Petipaborn: 1818 died: 1910The son of Jean Petipa, an excellent ballet dancer and teacher himself, Marius Petipa was the second of the two boys that made up this dancing family. Petipa's older brother by three years, Lucien, ended up as a dancer and ballet master at the Paris Opera. Marius P"
http://www.chinagrindingmill.net/our-solutions/12mm-iron-rod-price-per-kg.html,cost per kg for 12mm iron rod,"12mm iron rod price per kg What is the per kilogram price of iron rods used for making grill …Apr 20, 2011 · Best Answer: Better check up with the local dealer or trader. In internet also prices are available but I do not think that it will be of your use.» Free online chat!iron rod price in india – Crusher| Granite Crusher |"
http://www.elp.com/articles/powergrid_international/print/volume-18/issue-2/features/underground-vs-overhead-power-line-installation-cost-comparison-.html,costs and tradeoffs of buried vs aerial power lines,"Underground vs. Overhead: Power Line Installation-Cost Comparison and Mitigation ""Underground vs. Overhead: Power Line Installation-Cost Comparison and Mitigation02/01/2013Sponsored by BY FRANK ALONSO AND CAROLYN A. E. GREENWELL, SAICHurricane Sandy left many electric utility executives, their customers, local and state government leaders and regulators contemplating placing ove"
http://www.officedepot.com/a/browse/microsoft-office-software/N=5+606564/,buy Microsoft Office suite,Microsoft Office Software Microsoft Office Software21 results Create professional-looking documents and reports or design marketing materials and presentations with popular Microsoft® Office® software and other Microsoft programs. Whether you are looking for the entire Microsoft Office Suite or extra programs like Publisher
https://www.linkedin.com/pulse/14-telecom-acronyms-you-need-know-vincent-parisien,meaning of common telecom acronyms,"14 Telecom Acronyms You Need to Know 14 Telecom Acronyms You Need to Know Published on August 13, 2015Sign in to like this article9Sign in to comment on this article2Share0Vincent Parisien Follow Sign in to follow this author Vice-president Technology at Cimpl Companies everywhere are adopting more technology than ever. However, new tr"
http://www.startribune.com/mauers-want-normalcy-as-they-raise-twins-amid-his-celebrity/285972581/,Joe Mauer raising twins private life,"Mauers want normalcy as they raise twins in shadow of his celebrity ""285972581Mauers want normalcy as they raise twins in shadow of his celebrity In an interview with Cretin-Derham Hall's alumni magazine, the two graduates of the St. Paul high school also reminisced about their days as Raiders athletes. Joe pondered what the future may hold after his playing days ar"
http://www.gingersoftware.com/content/phrases/learn-the-ropes/,idiom for getting familiar at work,"Learn the Ropes < All Phrases Learn the Ropes Sep 4, 2014Learn the ropes means to learn how to do something. Example of use: “ Once I learn the ropes at my new job, I won’t be so nervous and I’ll be very good at the work I do.”Interesting fact Not surprisingly, the origin of the idiom “learn the ropes” is nautical."
http://www.solvusoft.com/en/file-extensions/file-extension-dbf/,open DBF database file Windows,"What is File Extension DBF? ""What is File Extension DBF?by: Jay Geater, Chief Technology Writer Did someone email you a DBF file and you're not sure how to open it? Maybe you have found a DBF file on your computer and wondering what it's for? Windows might tell you that you can't open it, or in the worst case, you might encoun"
http://www.naric.com/?q=en/FAQ/what-vocational-rehabilitation,services to help people with disabilities work,"What is Vocational Rehabilitation? What is Vocational Rehabilitation?mgarcia1 - Mon, 04/22/2013 - 04:32Vocational rehabilitation is made up of a series of services that are designed to facilitate the entrance into or return to work by people with disabilities or by people who have recently acquired an injury or disability. Some of th"
https://uk.answers.yahoo.com/question/index?qid=20090109071856AAFDsoi,become a Slimming World consultant cost,How do you start up as a slimming world consultant and how much does it cost to start? Health Diet & Fitness How do you start up as a slimming world consultant and how much does it cost to start? Follow 7 answers Answers Relevance Rating Newest Oldest Best Answer: to be a consultant you have to be a successful member that has reached your target weight with food optimising (slimming w
https://simple.wikipedia.org/wiki/June_Carter_Cash,life of June Carter country star,"June Carter Cash ""June Carter Cash Carter playing at the Grand Ole Opry in Nashville, Tennessee, July 1999Background information Birth name Valerie June Carter Born June 23, 1929Origin Hiltons, Virginia, USADied May 15, 2003 (aged 73) Nashville, Tennessee, USAGenres Country Occupations Singer-songwriter, actress, da"
https://addresscustomerservicecenternumber.com/Customer-Service-Phone-Number/Conair-store-com/,how to contact Conair online store,"Conair-store.com Phone Number Conair-store.com Phone Number Please find the phone number, hours of operations and other related detail to contact Conair-store.com . You can share your experiences as well as improve customer support, but its not the beat way to reach Conair-store.com . You can contact Conair-store.com by calling"
https://phonon.kde.org/,KDE Phonon user and developer docs,Userbase Userbase The User Base is your source for general information regarding Phonon. It provides high quality information for end users on what Phonon is and how to use it. Techbase The Tech Base is the primary place for high quality technical information about Phonon targeted at 3rd party developers. Co
http://www.freep.com/story/entertainment/movies/2015/03/25/movie-metro-detroit-bullying-girl-like-amy-weber/70389800/,Detroit filmmaker tackles teen bullying,"Metro Detroit filmmaker turns her camera on bullies "" (Photo: handout)CONNECT TWEET LINKEDIN COMMENT EMAIL MOREA camera scans an empty high school hall and a row of desks as taunts can be heard in voice-over. """"Seriously, Jessica,"""" an unseen girl says, """"if you disappeared, the world would be a better place. Just go end yourself. """"The trailer for """
https://en.wikipedia.org/wiki/Montgomery_Clift,midcentury American method actor,"Montgomery Clift ""From Wikipedia, the free encyclopedianavigation search Not to be confused with Cliff Montgomery. Montgomery Clift Clift in 1948Born Edward Montgomery Clift October 17, 1920 Omaha, Nebraska, U. S. Died July 23, 1966 (aged 45) New York City, U. S. Occupation Actor Years active 1935–1966Edward Montgom"
http://www.ccbcmd.edu/Programs-and-Courses-Finder/ConED-Program/ekg-technician,EKG tech training certificate program,"EKG Technician, Continuing Education Certificate EKG Technician, Continuing Education Certificate EKG Technicians work in clinical laboratory settings, hospitals and sometimes in physicians' offices. Their main job is to perform EKGs and sometimes assist with stress tests. They also may operate and care for testing equipment, explain test procedur"
http://www.journalism.org/2012/08/15/how-presidential-candidates-use-web-and-social-media/,study of how campaigns use digital media,"How the Presidential Candidates Use the Web and Social Media WATCH A NARRATED SLIDESHOW OF THE FINDINGSIf presidential campaigns are in part contests over which candidate masters changing communications technology, Barack Obama on the eve of the conventions holds a substantial lead over challenger Mitt Romney. A new study of how the campaigns are using digita"
http://www.ebay.com/gds/Protect-Yourself-from-FRAUD-on-eBay-/10000000001925093/g.html,avoid scams when selling on eBay,"Protect Yourself from FRAUD on eBay ""Home Buying Guides Everything Else Every Other Thing Protect Yourself from FRAUD on e Bayseymourkewl 7.2K Views 6 Likes Like Share September 29, 2006There are 2 things e Bay sellers should always do, routinely, in their practices as an e Bay seller in order to protect themselves from rampant fraud."
http://www.foodily.com/s/soupy-sausage,easy sausage soup recipe,"The system is unavailable The system is unavailable Sorry, Foodily is busy in the kitchen, but we’ll be back in a flash!"
https://www.isixsigma.com/topic/input-output-matrix/,mapping process inputs to outputs,"Input / Output Matrix Input / Output Matrix Home › Forums › Old Forums › General › Input / Output Matrix This topic contains 1 reply, has 2 voices, and was last updated by Ashman 14 years, 6 months ago. Viewing 2 posts - 1 through 2 (of 2 total)Author Posts Tweet October 2, 2003 at 9:42 am #47840Quainoo Member@vincent Re"
http://www.countyoffice.org/lancaster-ny-clerk/,Lancaster NY court records clerk,"Lancaster Clerk Office Lancaster Clerk Office Home Government Administration Offices Clerk Offices New York Erie County Lancaster Find Lancaster New York clerk offices, including county, city, and circuit clerks, and clerks of court. Clerks provide information on public court records and legal documents, criminal, jail, a"
http://www.road-bike.co.uk/articles/cyclingcadence.php,ideal pedaling speed for cyclists,"Cycling cadence - target pedalling speeds Cycling cadence - target pedalling speeds Cadence in cycling is the speed at which your legs turn. It is measured in revs per minute / pedal rotations per minute. Much the easiest way to measure cadence is with an attachment to your bike computer, but it is also easy to calculate as you are cycling"
http://cooking.stackexchange.com/questions/23816/eucalyptus-tea-is-it-safe-to-drink,health risks of eucalyptus tea,"Eucalyptus tea: is it safe to drink? ""_Seasoned Advice is a question and answer site for professional and amateur chefs. Join them; it only takes a minute: Sign up Here's how it works: Anybody can ask a question Anybody can answer The best answers are voted up and rise to the top Eucalyptus tea: is it safe to drink?up vote7down votefav"
https://en.wikipedia.org/wiki/Antilag_system,methods to prevent turbocharger lag,"Antilag system ""This article does not cite any sources. Please help improve this article by adding citations to reliable sources. Unsourced material may be challenged and removed. (September 2008) ( Learn how and when to remove this template message)An anti-lag system ( ALS) or misfiring system is a system used on"
http://www.personalitytutor.com/becoming-a-motivational-speaker.html,tips for becoming an inspiring speaker,"Becoming A Motivational Speaker Becoming A Motivational Speaker Leadership Skills Personality Developement January 23, 2012History is rife with examples of orators who have altered its course, and inspired the lives of zillions, with their inspiring, outstanding, and electrifying oratory. And we aren’t just talking about Winston C"
http://www.wgu.edu/info/college-students-guide-citation-styles,how college students cite sources,"The College Student's Guide to Citation Styles ""Many writing assignments and projects will need to be completed during a student's college career. Plagiarism involves both intentional and unintentional copying of someone else's ideas and written work. Because plagiarism is a serious offense that could have serious academic repercussions, it's im"
http://study.com/academy/lesson/expert-power-in-leadership-definition-examples-quiz.html,how expertise gives leaders influence,Expert Power in Leadership: Definition & Examples Your next lesson will play in 10 seconds Add to Timeline Autoplay 72K views Create an account to start this course today Try it free for 5 days!Create An Account Recommended Lessons and Courses for You Related Lessons Related Courses Reward Power in Leadership: Definition & Example Referent Power in
http://answers.microsoft.com/en-us/protect/forum/protect_defender-protect_start/how-to-disable-windows-defender-in-windows-7/a12f56cd-e3c9-4f41-9382-6069f77c78e2,disable Defender when using other antivirus,"Q: How to disable Windows defender in Windows 7 ""EG eghy asked on June 2, 2010Q: How to disable Windows defender in Windows 7I installed a new internet protection program and in """"action center"""" display this message : window defender conflict with the otherone and make my pc run slow... How may i disabled window deender? Reply I have the same qu"
https://www.ag-risk.org/NCISPUBS/LAIPPUB/Art2100.htm,skills needed to be a crop insurance agent,"Skills Necessary To Succeed As A Crop Insurance Agent Skills Necessary To Succeed As A Crop Insurance Agent By Dr. Laurence M. Crane, NCISA top priority of every crop insurance company is securing and maintaining a professional sales force. In fact, the success and profitability of any crop insurance company largely is determined by the quality, and to"
http://textycafe.com/impressum-facebook-what-is-impressum-on-facebook/,Facebook page Impressum meaning,"Impressum Meaning : What Is Impressum On Facebook? Home Career & Business Impressum Meaning : What Is Impressum On Facebook? Career & Business Online Marketing Impressum Meaning : What Is Impressum On Facebook? By Tcafe Desk 11SHAREtweet Updated: 10/28/17If you didn’t know yet, Facebook has added Impressum field feature for its business/other pages."
https://www.thebusinessplanshop.com/blog/en/entry/tam_sam_som,explain TAM SAM SOM for startups,"TAM SAM SOM - what it means and why it matters TAM SAM SOM - what it means and why it matters When doing their market analysis start-ups often refer to TAM, SAM, and SOM but what do these acronyms mean and why are they useful to investors when assessing an investment opportunity? TAM SAM SOM definition TAM, SAM and SOM are acronyms that represen"
http://yury.zaytsev.net/press/2011/06/04/dell-poweredge-r710-firmware.html,Dell R710 firmware update instructions,"Updating firmware on Dell PowerEdge R710 Updating firmware on Dell Power Edge R710Introduction Updating firmware used to be an uncomplicated, albeit slightly dangerous process. Unfortunately, as the server hardware developed over time, it did not become any simpler, but rather evolved into even more of an arcane rite. Moreover, it seems th"
http://www.homewyse.com/services/cost_to_hire_engineering_and_construction_contractors.html,how much to hire construction engineers,"Cost to Hire Engineering And Construction Contractors ""Cost to Hire Engineering And Construction Contractors Updated: March 2018Contractor Screening and Selection Calculator Zip Code Contractors Item details Qty Low High Hire Contractor Labor, Basic Basic labor to hire engineering and construction contractors with favorable site conditions. Contractor"
http://www.dailymail.co.uk/news/article-2030144/Wahlburgers-Mark-Wahlberg-brother-Donnie-open-beefcake-restaurant.html,Mark and Donnie Wahlberg open burger chain,"Mark Wahlberg and brother Donnie set to open up beefcake restaurant chain Wahlburgers Mark Wahlberg and brother Donnie set to open up beefcake restaurant chain Wahlburgers By Rachel Quigley Updated: 15:12 EDT, 25 August 20115View comments Former popstars turned now actor brothers Mark and Donnie Wahlberg are opening a chain of restaurants called Wahlburgers. The only problem was, Tom"
http://www.avoyatravel.com/,cruise deals and travel agents,Exclusive Deals. Vacation Experts. Personalized Service. Exclusive Deals. Vacation Experts. Personalized Service. Follow Us To A Better Vacation ™Search Cruises Search Tours Caribbean Cruises from $369 Europe Cruises from $609 Alaska Cruises from $609Last Minute Cruises
http://www.huffingtonpost.co.uk/2012/05/12/britains-got-talent-winner_n_1512056.html,who won BGT 2012 with dog act,"Britain's Got Talent Final: Winner Is Crowned... Ashleigh And Pudsey Beat Jonathan And Charlotte (VIDEO, PHOTOS) ""Ashleigh and Pudsey - Britain's Got Talent 2012 Final - UK version Your browser does not currently recognize any of the video formats available. Click here to visit our frequently asked questions about HTML5 video.0:00 / 2:00Ashleigh and Pudsey have been crowned the triumphant winners of Britain's"
http://www.autodealermonthly.com/channel/parts-and-service/article/story/2008/07/missed-profit-opportunities.aspx,capturing missed dealership service revenue,"Missed Profit Opportunities Missed Profit Opportunities July 2008, Auto Dealer Today - Web Xclusiveby Don Reed - Also by this author Print In the pursuit of additional profit opportunities in your service department, you must focus on maintenance of your customers’ vehicles. This is a missed opportunity for many dealers who do"
http://politicalpartiesush.weebly.com/federalists-vs-democratic-republicans.html,early US parties farmers vs bankers,Federalists vs. Democratic Republicans Federalists vs. Democratic Republicans Explanation for the Opposition The Democratic Republicans favored the Southern Farmers and did not want a national bank which the Federalists pushed for. The Federalists favored the Northern business owners and wanted a strong national bank. This strong nationa
https://patch.com/connecticut/thehaddams-killingworth/bp--whats-it-weigh-firefighter-gear-piece-by-piece,breakdown of firefighter gear weight,"What's It Weigh?â¨ Firefighter gear, piece by pieceâ¨ """"""What's all that stuff weigh?"""" – a popular question for Haddam firefighters, after """"What does that do?"""" and """"Why are your fire trucks yellow?"""" Depending on what a firefighter is carrying, all that extra gear can weigh more than 70 pounds. While most firefighters weigh """"none of your business,"
http://smallbusiness.chron.com/send-certified-mail-online-45991.html,send certified letters with proof online,"How to Send Certified Mail Online ""Related Articles1Difference Between Certified & Registered Mail2How to Track the Sender on Certified Mail3How to Send a Business Letter Certified4Direct Mail Ideas for Contractors Certified Mail offers extra security, a sense of importance and confirmation that the mail has reached its destination,"
https://www.linkedin.com/in/spencer-sachs-65998931,Spencer Sachs Seattle content creator,"Spencer Sachs ""Spencer Sachs Storyteller • Content creator • Choice architect • Do-gooder Seattle, Washington Telecommunications Current T-Mobile Previous Outcome Health, HY Connect, Beast / Company 3 / Method Studios Education Full Sail University Websites Personal Website269 connections View Spencer Sachs’ full"
http://www.answers.com/Q/How_do_you_know_if_a_car_has_a_negative_or_positive_grounded_battery,how to tell car battery polarity,"How do you know if a car has a negative or positive grounded battery? ""Answers.com ® Wiki Answers ® Categories Cars & Vehicles Auto Parts and Repairs Car Electronics and Lights Car Batteries How do you know if a car has a negative or positive grounded battery? Flag How do you know if a car has a negative or positive grounded battery? Answer by David Warnick Confidence"
http://rapidcityjournal.com/news/local/communities/belle_fourche/who-are-those-cowboys-from-the-movie/article_42e37376-9874-5858-90ae-51d12a458314.html,who played the young drovers in The Cowboys,"Who are those 'Cowboys' from the 1972 movie? ""centerpiece Who are those 'Cowboys' from the 1972 movie? By Milo Dailey Butte County Post staff Aug 1, 2012Subscribe for 33¢ / day Buy Now Five of the 11 young actors who played schoolboys turned to drovers in the 1972 John Wayne classic movie, The Cowboys, all agreed they felt as if they'd just le"
https://answers.yahoo.com/question/index?qid=20090210114824AAdcDub,Do circuit breakers wear out,"Can circuit breakers become weak? Home & Garden Maintenance & Repairs Can circuit breakers become weak? Neighbor told me his breaker for air/heat will sometimes shut off, air always works and heat always works but every so often the breaker shuts off. I told him that breakers could in fact become weak, the more the swtich is used th"
http://www.harrods.com/visiting-the-store,directions to Harrods from tube,"Visiting the Store Home Visiting the Store How to find us Map data ©2018 Google Terms of Use Sign in Harrods View larger map Tube The nearest tube station to Harrods is Knightsbridge on the Piccadilly line. Use the Brompton Road exit for Harrods. South Kensingtonstation, on the Piccadilly, District and Circle lines, a"
https://makehow.net/info/who-is-megan-on-the-act-commercial,who plays Megan in ACT CDL ad,"Who Is Megan On The Act Commercial ""Who Is Megan On The Act Commercial Commercial Drivers License Education A commercial driver's license (CDL) is a key that can open plenty of doors to professional opportunities. The testing involved tends to be strenuous, and includes both written and a three-part skills exams. So, it is important"
http://www.allure.com/beauty-trends/how-to/2010/make_lipstick_last,long-lasting lipstick tips from pros,"How to Make Lipstick Last ""An Interview With Peter Philips Philips is a makeup artist and the global creative director of Chanel Makeup. You May Also Like Tarte Launches Sale and Fake Icy Betch Palette for April Fool's Day15 Best Foundations for Oily and Acne-Prone Skin 2018• __ Go for sheen.__ Many """"long-wearing"""" lipstick"
http://www.countyoffice.org/burlington-vt-clerk/,Burlington VT clerk offices and records,"Burlington Clerk Office Burlington Clerk Office Home Government Administration Offices Clerk Offices Vermont Chittenden County Burlington Find Burlington Vermont clerk offices, including county, city, and circuit clerks, and clerks of court. Clerks provide information on public court records and legal documents, criminal,"
https://www.usw.org/,steelworkers union latest news,"Health Care Workers Conference Feed All News Blog Publications Videos Facebook Twitter Mar 02 @ 03:46PM · Twitter NLRB rules against Duquesne, orders university to bargain with adjunct union https://t.co/NIYPzcedmz#USWWorkst t REPLY · RETWEET · FAVORITEMar 02 @ 02:30PM · Twitter Two generations of steelworkers, Lu 6115 Pres. Bomb"
https://morphvox-voice-changer.en.softonic.com/download,voice changer MorphVOX download,"Sign in to start the DownloadSign in with Facebook or Sign in with Google + ""Morph VOX Pro help and info What is Morph VOX Pro? Morph VOX Pro is an application from Screaming Bee that you can use to distort your voice. Create a wide range of weird and wonderful effects as you speak into your microphone and let the program distort your voice into something new. Can Morph VOX"
http://www.jobs2careers.com/Jobs/q-American-Cancer-Society-l-Indianapolis-IN/,jobs at cancer nonprofit Indianapolis,"American Cancer Society jobs in Indianapolis, IN Virtual Bilingual American Sign Language and English Guide Smart Coos Indianapolis , INMore info Posted 1 week ago American Eagle Outfitters - Stock Associate - United States American Eagle Indianapolis , INMore info Posted 2 weeks ago Telecommute American Sign Language Video Remote Interpreter Virt"
http://www.webopedia.com/TERM/M/mu-mimo.html,how MU-MIMO boosts WiFi capacity,"MU-MIMO Main » TERM » M »MU-MIMOTweet Related Terms802.11ac Wave 2MIMO - multiple-in, multiple-outwearable technologylicensing technology IT - Information Technology Information Technology (IT) Directorlast mile telecommunications technologyinformation technology degree Information Technology (IT) Architect"
https://www.usatoday.com/story/tech/2015/01/23/china-internet-vpn-google-facebook-twitter/22235707/,China cracking down on VPNs,"China blocks VPN access to the Internet ""1Join the Nation's Conversation To find out more about Facebook commenting please read the Conversation Guidelines and FAQs China blocks VPN access to the Internet Elizabeth Weise and Calum Mac Leod, USAToday Published 4:40 p.m. ET Jan. 23, 2015 | Updated 8:30 a.m. ET Jan. 24, 2015 (Photo: EPA, Rol"
https://answers.yahoo.com/question/index?qid=20090410140613AAHlSsX,free tools to securely erase files,"Are there any free programs to remove traces of all Internet and computer activities? ""Computers & Internet Security Are there any free programs to remove traces of all Internet and computer activities? Update: I want to SECURE DELETE things things that I've deleted in the past and I'm not sure how to do it. What is the best program to make sure nothing (even past files) is recoverab"
https://www.the-shard.com/,The Shard tickets hotel restaurants,THE SHARD SUPPORTS WWF'S 2018 EARTH HOUR Contact Find Us About The Vision A Vertical City Level Guide The Neighbourhood News Book tickets Shangri-La Hotel Rooms and Suites Restaurants and bars Events Restaurants and bars Aqua Shardoblix Hutong LÁNGTĪNGGŎNGOffices Inspiring Workspaces Occupiers Connectivity The Retail Arcade THE SHARD SUPPO
http://www.samsung.com/au/support/skp/faq/1038719,connect phone to Samsung TV remote,"About the Smart Remote App Connecting via App (Smart Remote)Use this app to connect to a TV and use the device as a remote control. You can search and select TV programmes, and control channels with your device. Before using this app:● Ensure that you connect the device to a network.● Ensure that the device’s infrared port is"
https://www.sapling.com/7763389/average-babysitting-hourly-rates,typical babysitting rate per hour,"Average Babysitting Hourly Rates Babysitters can be a lifesaver for parents struggling to balance childcare responsibilities with jobs, household tasks and busy social calendars. Babysitters can tend infants, entertain youngsters with visits to the library or neighborhood park, or help older kids with homework. Some babysitters als"
https://math.stackexchange.com/questions/667577/does-negative-zero-exist,can zero be negative,"Does negative zero exist? [closed] ""_Mathematics Stack Exchange is a question and answer site for people studying math at any level and professionals in related fields. Join them; it only takes a minute: Sign up Here's how it works: Anybody can ask a question Anybody can answer The best answers are voted up and rise to the top Does n"
http://www.gnjpc.com/calculators/payroll/grossup.php,convert net paycheck to gross,"Calculate Gross Pay Based on Net Pay Home > Payroll > Gross-up Calculate Gross Pay Based on Net Pay Use this calculator to gross up wages based on net pay. For example if an employee receives $100 in taxable benefits or cash, this calculator can be used to calculate the gross amount that must be used when calculating payroll taxes. Of"
http://abc13.com/home/take-a-tour-inside-the-worlds-largest-backyard-pool/241979/,tour of massive private backyard pool,"Take a tour inside the world's largest backyard pool ""HOME & GARDENTake a tour inside the world's largest backyard pool Video Playback not supported on Microsoft Windows Version 8.1 or earlier using Internet Explorer. Please upgrade your OS or try a different browser. EMBED </> More Videos<iframe width=""""476"""" height=""""267"""" src=""""http://abc13.com/vid"
http://www.brighthubpm.com/software-reviews-tips/111544-microsoft-project-baselines-best-practices-for-creating-changing-and-using/,setting and updating baselines in MS Project,"Microsoft Project Baselines: Best Practices for Creating, Changing, and Using ""Microsoft Project Baselines: Best Practices for Creating, Changing, and Usingwritten by: Linda Richter • edited by: Jean Scheid • updated: 6/30/2015For managers who are just getting started with Microsoft Project, baselines seem high tech and difficult. You're not alone wondering how to create base"
https://www.batteriesplus.com/Battery/Laptop/Acer,buy replacement battery for Acer laptop,"Acer Laptop Batteries - Popular Groupings Home Batteries Laptop Acer Acer Laptop Batteries - Popular Groupings Batteries Plus Bulbs is your source for quality Acer laptop batteries. Each of our laptop battery packs are made with the highest quality battery cells, from leading manufacturers. They are engineered to meet or surpass OEM specifi"
http://allnurses.com/cardiac-nursing/new-grad-on-244192.html,starting telemetry unit as new nurse,"New grad on telemetry unit ""Latest Products Conferences Nursing Specialties › Cardiac Nursing ›New grad on telemetry unit January 2018 Caption Contest - Win $100!by Jenny Mac, BSN, RNViews: 39,504 Comments: 8Hi everyone! I'm about to start my first job, and was offered a position on a tele unit. When i interviewed, I actually"
http://blog.estately.com/2013/06/37-things-to-consider-before-moving-to-portland/,tips for relocating to Portland,"37 Things to Consider Before Moving to Portland 37 Things to Consider Before Moving to Portland Ryan Nickum Jun 3City Profilesoregon From the logging towns of Oregon to the hipster bars of Brooklyn, people dream of moving to Portland, Oregon. Drawn like moths to the flame of craft beer and environmental sustainability, these aspiring transplants"
http://www.pcworld.com/article/201408/how_to_build_a_virtualization_server.html,build a home virtualization server,"How to Set Up a Virtualization Server Home Virtualization Get Your Business Started With Virtualization How to Set Up a Virtualization Server By Paul Venezia PCWorld |Jul 20, 2010 6:00 PM PTMore like this How to Build Solid, Reliable Networks10 Tips to Boost Your Company Network First Look: VMware VSphere 4.1 Keeps the Virtualization Cr"
https://technet.microsoft.com/en-us/library/ee941126(v=ws.10).aspx,DHCP port 67 conflict Windows Server,"DHCP: Port 67 (DHCP server port for IPv4) should not be in use by any other process Docs Previous Versions Windows DHCP: Port 67 (DHCP server port for IPv4) should not be in use by any other process September 11, 2012 2 minutes to read In this article Issue Impact Resolution To configure DHCP to use port 67Additional references Applies To: Windows Server 2008 R2, Windows Server 201"
http://thexlab.com/faqs/freeingspace.html,clear space on Mac boot drive,"Freeing space on your Mac OS X startup disk ""Freeing space on your Mac OS X startup disk This extract from a chapter of our book Troubleshooting Mac® OS X describes several ways to free-up space on your Mac OS X startup disk, also known as your Mac OS X boot volume. While you could replace your current hard drive with a larger model, or insta"
