search_query,url
my Appropriateness frequently notes this month,https://www.merriam-webster.com/dictionary/assignee
my Appropriateness frequently notes this month,http://www.informit.com/articles/article.aspx?p=130913&seqNum=5
my Appropriateness frequently notes this month,https://www.quora.com/Can-Turing-Machines-be-converted-down-to-a-DFA
things I looked at this month on Characters Characters,https://www.dentalinsurance.com/blog/2014/09/restorative-dentistry/how-to-fix-a-chipped-tooth
things I looked at this month on Characters Characters,http://www.subaru.com/vehicles/impreza-wrx/index.html
things I looked at this month on Characters Characters,https://www.drugs.com/answers/accidentally-mothers-remerons-long-wil-stay-system-789125.html
my Intermediate academics notes this month,"https://www.glassdoor.com/Salaries/mississippi-certified-nursing-assistant-salary-SRCH_IL.0,11_IS1553_KO12,39.htm"
my Intermediate academics notes this month,http://wiki.roblox.com/?title=Scripting
my Intermediate academics notes this month,http://www.truckingtruth.com/cdl-training-program/page94
last week I was deep in departments Information,https://www.yellowpagesgoesgreen.org/states/OH
last week I was deep in departments Information,http://www.benefitsconsultant.ca/marketing/what-is-a-benefits-consultant.html
last week I was deep in departments Information,https://technet.microsoft.com/en-us/library/hh825674.aspx
my comprehensive specification notes this month,http://neogenomics.com/careers
my comprehensive specification notes this month,https://www.drugs.com/dosage/quetiapine.html
my comprehensive specification notes this month,http://www.politico.com/magazine/story/2015/07/the-end-of-the-2016-election-is-closer-than-you-think-119947
things I looked at this month on well defined member3060,http://wiki.roblox.com/?title=Scripting
things I looked at this month on well defined member3060,http://www.answers.com/Q/Is_converse_counted_as_athletic_shoes
things I looked at this month on well defined member3060,https://www.guidestar.org/profile/23-7417597
what I've been reading over the past two weeks on convinces visitors,https://www.backgroundchecks.com/personal/support
what I've been reading over the past two weeks on convinces visitors,https://www.dropbox.com/help/81
what I've been reading over the past two weeks on convinces visitors,http://www.bestplaces.net/health/city/south_carolina/mount_pleasant
past 14 days of investment savings preference money,https://quizlet.com/8979259/chapter-four-introduction-to-tcpip-protocols-flash-cards/
past 14 days of investment savings preference money,https://www.roadmaster.com/blog/what-if-i-dont-pass-the-cdl-test-on-the-first-try/
past 14 days of investment savings preference money,http://www.actioncoach.com/business-help/
past 14 days of encyclopedianavigation International,http://answers.microsoft.com/en-us/windows/forum/windows_10-hardware/smart-card-reader-does-not-work-after-installation/7ea9a80c-0cb0-4d9c-8ba7-8ea74c3fcbb0
past 14 days of encyclopedianavigation International,https://www.linkedin.com/in/okpay
past 14 days of encyclopedianavigation International,http://hdgolf.com/simulators/simulator-models/
what I've been reading over the past two weeks on alternatives Jacksonville,http://www.ccna5.net/ccna-2-chapter-4-v5-0-exam-answers-2013/633
what I've been reading over the past two weeks on alternatives Jacksonville,http://broadcastinglivesports.com/boxing-live-stream/
what I've been reading over the past two weeks on alternatives Jacksonville,https://www.acronymfinder.com/Slang/FTP.html
my troubleshoot Controllers reading last week,http://heliopower.com/2013/08/16/virtual-net-metering/
my troubleshoot Controllers reading last week,https://technet.microsoft.com/en-us/library/hh825674.aspx
my troubleshoot Controllers reading last week,http://www.tmctrans.com/drive-for-tmc/why-tmc/pay.aspx
my AITDescription Introduction reading last week,http://abcnews.go.com/Business/shake-shack-founder-reveals-best-career-decisions-led/story?id=28609364
my AITDescription Introduction reading last week,http://wiki.roblox.com/?title=Scripting
my AITDescription Introduction reading last week,http://time.com/6143/now-40-monica-lewinsky-guards-her-privacy/
past 14 days of presentations especially,http://www.ductdudes.com/our-pricing/
past 14 days of presentations especially,http://www.thesaurus.com/browse/enterprises
past 14 days of presentations especially,https://www.collinsdictionary.com/dictionary/english/overseer
what I've been reading over the past two weeks on Mainsheets important,http://answers.microsoft.com/en-us/windows/forum/windows_10-hardware/smart-card-reader-does-not-work-after-installation/7ea9a80c-0cb0-4d9c-8ba7-8ea74c3fcbb0
what I've been reading over the past two weeks on Mainsheets important,http://learn.org/articles/Air_Evac_Paramedic_Career_and_Salary_FAQs.html
what I've been reading over the past two weeks on Mainsheets important,https://en.wikipedia.org/wiki/Google_Reader
this month's reading on Researching Australia,http://forums.androidcentral.com/samsung-galaxy-s4/300742-galaxy-s4-won-t-charge.html
this month's reading on Researching Australia,https://www.dmv.ca.gov/portal/dmv/detail/vehindustry/ol/dealer
this month's reading on Researching Australia,http://www.oracle.com/technetwork/middleware/id-mgmt/downloads/connectors-101674.html
what I've been reading over the past two weeks on SCS Products Architect,https://www.reference.com/business-finance/diabetes-specialist-called-28888827ba3ffcaf
what I've been reading over the past two weeks on SCS Products Architect,http://www.tmctrans.com/drive-for-tmc/why-tmc/pay.aspx
what I've been reading over the past two weeks on SCS Products Architect,https://answers.yahoo.com/question/index?qid=1006053022537
this month's reading on ChexSystems chexsystems,http://gismaps.kingcounty.gov/parcelviewer2/
this month's reading on ChexSystems chexsystems,"https://www.revolvy.com/topic/Czech%20presidential%20election,%202003"
this month's reading on ChexSystems chexsystems,http://c2.com/cgi/wiki?JavaSingleton
past 14 days of CELEB HEIGHTS Celebrities,http://apps.kew.org/herbcat/gotoWhatIsHerbarium.do
past 14 days of CELEB HEIGHTS Celebrities,http://www.thesaurus.com/browse/enterprises
past 14 days of CELEB HEIGHTS Celebrities,http://www.bbc.co.uk/webwise/guides/getting-satellite-tv
this month's reading on unquestionably interesting,http://kb.laplink.com/index.php/article/printer/1055
this month's reading on unquestionably interesting,https://www.merriam-webster.com/dictionary/diemaker
this month's reading on unquestionably interesting,https://en.wikipedia.org/wiki/Annette_Bening
what I've been reading over the past two weeks on advertisements double spaced,https://www.quora.com/Why-do-we-collapse-immediately-when-our-heart-stops-beating
what I've been reading over the past two weeks on advertisements double spaced,http://wojcieh.net/vmware-esxi-5-5-active-directory-authentication-step-by-step/
what I've been reading over the past two weeks on advertisements double spaced,http://www.assignmentpoint.com/business/marketing-business/customer-service-in-robi.html
this month's reading on best in class Benefitsview,http://www.imdb.com/name/nm0001282/bio
this month's reading on best in class Benefitsview,http://ex-cult.org/Groups/Amway/otherside/tosp17.htm
this month's reading on best in class Benefitsview,http://www.businessdictionary.com/definition/favoritism.html
this month's reading on Interconnection Interconnection,http://www.answers.com/Q/What_is_Encoding_in_psychology
this month's reading on Interconnection Interconnection,https://support2.magix.com/customer/index.php
this month's reading on Interconnection Interconnection,http://www1.salary.com/CO/Denver/Attorney-I-salary.html
last week I was deep in article26Share3David article286Sign,http://www.imdb.com/title/tt0364457/
last week I was deep in article26Share3David article286Sign,https://en.wikipedia.org/wiki/John_F._Rider
last week I was deep in article26Share3David article286Sign,http://time.com/money/3700005/401k-millionaires-secrets/
my Millionaires Millionaires reading last week,http://smartgrowth.org/what-is-smart-growth/
my Millionaires Millionaires reading last week,https://www.dincloud.com/what-is-hvd
my Millionaires Millionaires reading last week,http://smallbusiness.chron.com/examples-employee-strengths-13723.html
today I was reading about interpersonal Understanding,http://www.hoover.org/research/end-nato
today I was reading about interpersonal Understanding,http://www.sevenreflections.com/name-numerology/jordan/
today I was reading about interpersonal Understanding,https://answers.yahoo.com/question/index?qid=1006053022537
my MATLABultimatemath views2246Published notes this month,http://www.codeproject.com/Articles/387567/How-to-send-an-SMS-message-from-an-application
my MATLABultimatemath views2246Published notes this month,https://patch.com/connecticut/thehaddams-killingworth/bp--whats-it-weigh-firefighter-gear-piece-by-piece
my MATLABultimatemath views2246Published notes this month,http://www.excel-easy.com/examples/search-box.html
what I've been reading over the past two weeks on frequently Hackernews,https://en.wikipedia.org/wiki/Barry_Geraghty
what I've been reading over the past two weeks on frequently Hackernews,http://www.cruiseshipjob.com/frequent.htm
what I've been reading over the past two weeks on frequently Hackernews,http://www.bestplaces.net/health/city/south_carolina/mount_pleasant
things I looked at this month on categories discipline,https://www.rocketlawyer.com/article/do-i-need-a-general-practice-attorney.rl
things I looked at this month on categories discipline,https://bestplants.com/growing-roses-how-to/
things I looked at this month on categories discipline,http://www.allbusinesshours.com/aldi-hours-what-are-aldi-opening-times-hours/
today's deep dive on configurations retractable,http://www.mtstars.com/c-good-pay-rate-per-minute-transcription--46190.html
today's deep dive on configurations retractable,https://answers.yahoo.com/question/index?qid=1006053022537
today's deep dive on configurations retractable,https://www.drugs.com/npp/grape-seed.html
this month's reading on MANAGERSStudio Apartments,http://lexicon.ft.com/Term?term=digital-marketing
this month's reading on MANAGERSStudio Apartments,http://www.businessdictionary.com/definition/favoritism.html
this month's reading on MANAGERSStudio Apartments,https://www.americanexpress.com/us/small-business/openforum/articles/challenges-facing-todays-manufacturing-industry/
things I looked at this month on certification requirements,http://allnurses.com/general-nursing-discussion/nursing-a-caring-796167.html
things I looked at this month on certification requirements,http://jszimhart.com/blog/ramtha_and_american_greed
things I looked at this month on certification requirements,http://www.ehow.com/how_7288745_send-computer-screen-wirelessly-tv.html
this month's reading on experiencing Antispyware,http://www.thetimenow.com/united_states/utah/layton
this month's reading on experiencing Antispyware,https://www.bls.gov/ooh/transportation-and-material-moving/flight-attendants.htm
this month's reading on experiencing Antispyware,http://www.tenantsunion.org/rights/faq/vacating/
this month's reading on maintaining proposition,https://www.britishcouncil.org.ng/jobs/ielts-examiners
this month's reading on maintaining proposition,http://learn.org/articles/Air_Evac_Paramedic_Career_and_Salary_FAQs.html
this month's reading on maintaining proposition,http://ths.gardenweb.com/discussions/2448749/pull-out-for-coffee-service-what-is-this-called
my Asynchronous Definition notes this month,http://work.chron.com/starting-wage-medical-assistant-2325.html
my Asynchronous Definition notes this month,http://www.wikihow.com/Record-Screen-in-Microsoft-Windows-7
my Asynchronous Definition notes this month,https://answers.yahoo.com/question/index?qid=20060815073014AADQ0Nb
stuff from last weekend on business oriented professional,http://www.teaching-certification.com/connecticut-teaching-certification.html
stuff from last weekend on business oriented professional,https://developer.nvidia.com/digits
stuff from last weekend on business oriented professional,http://wojcieh.net/vmware-esxi-5-5-active-directory-authentication-step-by-step/
last week I was deep in researchers psoriasis,http://terenceluk.blogspot.com/2013/11/finding-virtual-machine-in-vmware.html
last week I was deep in researchers psoriasis,http://www.informit.com/articles/article.aspx?p=130913&seqNum=5
last week I was deep in researchers psoriasis,https://en.wikipedia.org/wiki/John_F._Rider
my compensation Unemployment notes this month,http://www.tmctrans.com/drive-for-tmc/why-tmc/pay.aspx
my compensation Unemployment notes this month,http://www.infoplease.com/askeds/zodiac-signs-presidents.html
my compensation Unemployment notes this month,http://managementhelp.org/planning/index.htm
things I looked at this month on Identification Investigation,http://www.pharmacytechpros.com/pharmacy-technician-illinois.html
things I looked at this month on Identification Investigation,http://answers.microsoft.com/en-us/windows/forum/windows_xp-pictures/full-screen-media-view-reverts-to-small-window/2154a2de-1716-477c-be88-4b530fdda2f3
things I looked at this month on Identification Investigation,http://onlinejobapplication.org/michaels-application/
two-week look at Articles1How Successfully,http://www.webster-dictionary.org/definition/incomparable
two-week look at Articles1How Successfully,https://www.collinsdictionary.com/dictionary/english/overseer
two-week look at Articles1How Successfully,https://en.wikipedia.org/wiki/Disk_formatting
my Computers Notebooks notes this month,http://www.jewishpost.com/archives/news/the-power-of-prejudice.html
my Computers Notebooks notes this month,http://www.123helpme.com/view.asp?id=70935
my Computers Notebooks notes this month,https://www.fool.com/quote/nyse/baker-hughes/bhi
things I looked at this month on hair cutting television,"https://www.glassdoor.com/Salaries/mississippi-certified-nursing-assistant-salary-SRCH_IL.0,11_IS1553_KO12,39.htm"
things I looked at this month on hair cutting television,https://www.thesimpledollar.com/free-business-checking/
things I looked at this month on hair cutting television,http://www.dictionary.com/browse/extracurricular
my diemakernoun Definition notes this month,http://www.oracle.com/technetwork/middleware/id-mgmt/downloads/connectors-101674.html
my diemakernoun Definition notes this month,https://www.cinemablend.com/new/Civil-War-What-We-Know-About-Black-Panther-Costume-71944.html
my diemakernoun Definition notes this month,http://www.flashbay.com/blog/usb-life-expectancy
today's deep dive on Thought to Speech Thought to Speech,https://www.mssqltips.com/sqlservertip/2342/understanding-sql-server-inserted-and-deleted-tables-for-dml-triggers/
today's deep dive on Thought to Speech Thought to Speech,http://www.drugchannels.net/2013/02/the-coming-battle-over-340b-contract.html
today's deep dive on Thought to Speech Thought to Speech,http://www.urine-removal.com/index.cfm/ID/119
things I looked at this month on Segmentation4Real World Analysis3Examples,http://stopthecap.com/2015/05/12/source-fcc-will-get-serious-about-data-caps-if-comcast-moves-to-impose-them-nationwide/
things I looked at this month on Segmentation4Real World Analysis3Examples,http://www.alibabagroup.com/en/news/press
things I looked at this month on Segmentation4Real World Analysis3Examples,https://www.celebsnetworthnow.com/bio-wiki-2018-2019-2020/musician/pete-townshend-net-worth-id=3943/
last week I was deep in ca pub 3659562450983664 ca pub 3659562450983664,http://study.com/academy/lesson/nationalism-in-romantic-music-heritage-pride-of-romantic-composers.html
last week I was deep in ca pub 3659562450983664 ca pub 3659562450983664,https://www.sharecare.com/health/psoriasis-skin/what-causes-plaque-psoriasis
last week I was deep in ca pub 3659562450983664 ca pub 3659562450983664,http://www.popularmechanics.com/home/how-to/a5638/2784971/
past 14 days of Brazilian born entrepreneur,http://www.hoteltravel.com/japan/guides/overview.htm
past 14 days of Brazilian born entrepreneur,http://study.com/academy/lesson/nationalism-in-romantic-music-heritage-pride-of-romantic-composers.html
past 14 days of Brazilian born entrepreneur,https://www.angieslist.com/companylist/us/mi/lansing/gastroenterology.htm
this month's reading on following procedure,https://en.wikipedia.org/wiki/Georgia%27s_congressional_districts
this month's reading on following procedure,http://www.waltdisney.org/blog/walts-oscars-first-academy-awards
this month's reading on following procedure,http://heliopower.com/2013/08/16/virtual-net-metering/
yesterday's notes on York based Decisions,http://www.fox8live.com/story/29792598/cost-to-remove-monuments-just-short-of-monumental-some-say
yesterday's notes on York based Decisions,http://www.imdb.com/title/tt0364457/
yesterday's notes on York based Decisions,http://wojcieh.net/vmware-esxi-5-5-active-directory-authentication-step-by-step/
my uncirculated certificate notes this month,https://www.mysanantonio.com/sports/spurs/article/Meet-Dejounte-Murray-s-rumored-Instagram-model-11185371.php
my uncirculated certificate notes this month,https://health.howstuffworks.com/mental-health/depression/questions/atypical-depression.htm
my uncirculated certificate notes this month,https://en.wikipedia.org/wiki/Georgia%27s_congressional_districts
my jamesxu98918 improvement reading last week,https://www.yelp.com.au/biz/carmens-ponderosa-restaurant-apple-valley
my jamesxu98918 improvement reading last week,http://www.historyforkids.net/greek-food.html
my jamesxu98918 improvement reading last week,https://www.swat.eng.vt.edu/software-download-information
this month's reading on presidential SOSNIKJuly,http://www.answers.com/Q/Is_converse_counted_as_athletic_shoes
this month's reading on presidential SOSNIKJuly,https://en.wikipedia.org/wiki/Threat_%28computer%29
this month's reading on presidential SOSNIKJuly,http://www.truckingtruth.com/cdl-training-program/page94
things I looked at this month on Contributions Contributions,http://www.oracle.com/technetwork/middleware/id-mgmt/downloads/connectors-101674.html
things I looked at this month on Contributions Contributions,http://www.thehindu.com/todays-paper/tp-features/tp-opportunities/gender-stereotyping-in-schools/article3398905.ece
things I looked at this month on Contributions Contributions,https://answers.yahoo.com/question/index?qid=20081003064709AAXUrsZ
things I looked at this month on Miscellaneous California,http://www.sigmaaldrich.com/life-science/metabolomics/enzyme-explorer/analytical-enzymes/alkaline-phosphatase.html
things I looked at this month on Miscellaneous California,http://www.dslreports.com/forum/r21477467-Level-requirement-for-Northrend
things I looked at this month on Miscellaneous California,http://www.dictionary.com/browse/extracurricular
things I looked at this month on ZieglerDancer specialized,http://www.dailymail.co.uk/news/article-2334683/Oklahoma-tornadoes-Storm-chasers-Tim-Samaras-son-killed-El-Reno-12-dead.html
things I looked at this month on ZieglerDancer specialized,http://computer.howstuffworks.com/how-to-set-up-wireless-printing-dell.htm
things I looked at this month on ZieglerDancer specialized,https://www.backgroundchecks.com/personal/support
this month's reading on communication intermediate,http://www.samsung.com/ph/support/skp/faq/885135
this month's reading on communication intermediate,https://community.fitbit.com/t5/Charge-HR/Color/td-p/1070771
this month's reading on communication intermediate,https://www.enkivillage.org/what-is-a-sociopath.html
this month's reading on responsibility automatically,https://www.quora.com/What-are-stable-and-unstable-elements
this month's reading on responsibility automatically,https://technet.microsoft.com/en-us/library/hh825674.aspx
this month's reading on responsibility automatically,https://www.pharmacychecker.com/generic/meloxicam-prices
last week I was deep in downloading USFRBRApril,http://www.thetimenow.com/united_states/utah/layton
last week I was deep in downloading USFRBRApril,http://www.interplx.com/p-card/
last week I was deep in downloading USFRBRApril,http://www.tomsguide.com/answers/id-1960271/digital-adapter-time-warner-cable.html
my international development notes this month,http://tech-hacks.net/tech/apple/103/how-to-charge-the-new-ipad-faster/
my international development notes this month,http://www.wikihow.com/Record-Screen-in-Microsoft-Windows-7
my international development notes this month,http://www.youtube.com/watch?v=57MwOgyWrB4
my contractors Improvement reading last week,http://www.citysearch.com/profile/639178940/jefferson_la/jefferson_parish_garbage_dept.html
my contractors Improvement reading last week,http://www.epicurious.com/archive/blogs/editor/2013/08/beet-green-recipes.html
my contractors Improvement reading last week,https://www.irmi.com/online/insurance-glossary/terms/e/expense-allowance.aspx
two-week look at Gastroenterologists Gastroenterologists,https://storify.com/sarafperalta/gates-and-jobs-leadership-styles-in-their-own-word
two-week look at Gastroenterologists Gastroenterologists,https://en.wikipedia.org/wiki/Google_Reader
two-week look at Gastroenterologists Gastroenterologists,http://www.youtube.com/watch?v=VAiEILDsM4c
last month I dug into translationsunimportantadjectiveuk unimportantadjective,http://www.officedepot.com/a/browse/microsoft-office-software/N=5+606564/
last month I dug into translationsunimportantadjectiveuk unimportantadjective,http://www.thefreedictionary.com/heuristic
last month I dug into translationsunimportantadjectiveuk unimportantadjective,http://www.answers.com/Q/What_is_the_meaning_of_args_in_java
last month I dug into consumer grade businesses,http://answers.microsoft.com/en-us/windows/forum/windows_10-other_settings/how-to-delete-all-my-favorites-in-edge/7e458cc1-3418-474c-b15e-00f383cf3b90
last month I dug into consumer grade businesses,https://www.monster.com/jobs/q-purchasing-coordinator-jobs.aspx
last month I dug into consumer grade businesses,https://www.avvo.com/legal-answers/how-long-does-a-creditor-have-to-collect-on-a-cred-794395.html
things I checked last month on developers Experience,http://www.investorwords.com/6714/unsubordinated_debt.html
things I checked last month on developers Experience,http://www.hss-ca.com/tax-accounting/how-long-do-i-keep-tax-records-canada/
things I checked last month on developers Experience,http://dictionary.reverso.net/english-definition/day-to-day%20management
things I checked last month on improvements performances,https://www.gonitro.com/pdf-reader
things I checked last month on improvements performances,http://archive.oreilly.com/pub/post/unraveling_the_mystery_of_soap.html
things I checked last month on improvements performances,https://www.sciencedaily.com/releases/2013/04/130411142755.htm
last month's reads about Installation Installation,http://www.abbeyspring.com/changing_filters.html
last month's reads about Installation Installation,https://learningnetwork.cisco.com/thread/8721
last month's reads about Installation Installation,http://www.military.com/daily-news/2014/10/23/troops-issued-government-travel-cards-for-pcs-expenses.html
last month's reads about PRECISSutton BACKGROUND,http://www.relocation.com/library/moving_calculator.html
last month's reads about PRECISSutton BACKGROUND,http://newmetalworker.com/Howto/usetapdie.html
last month's reads about PRECISSutton BACKGROUND,https://blog.procurify.com/2013/04/03/the-complete-procure-to-pay-cycle/
things I checked last month on Congressional Congressional,https://apps.irs.gov/app/understandingTaxes/student/whys_thm03_les01.jsp
things I checked last month on Congressional Congressional,http://download.cnet.com/AVG-AntiVirus-Free/3000-2239_4-10320142.html
things I checked last month on Congressional Congressional,http://www.jsi.com/JSIInternet/IntlHealth/techexpertise/display.cfm?tid=1000&id=79
last month's reads about Occupationlead Promotional,https://www.ibm.com/support/knowledgecenter/SSULQD_7.1.0/com.ibm.nz.dbu.doc/r_dbuser_alter_table.html
last month's reads about Occupationlead Promotional,http://www.presidenstory.com/bios.php?pres=8
last month's reads about Occupationlead Promotional,http://seinfeld.wikia.com/wiki/Susan_Ross
things I checked last month on geographical experience,http://smallbusiness.chron.com/notify-attendees-event-facebook-49100.html
things I checked last month on geographical experience,https://www.serve-now.com/resources/process-serving-laws/colorado
things I checked last month on geographical experience,http://www.tests.com/practice/CDA-Practice-Test-DANB-Practice-Exam
things I checked last month on Corporate Financial,https://www.washingtonpost.com/business/technology/us-to-relinquish-remaining-control-over-the-internet/2014/03/14/0c7472d0-abb5-11e3-adbc-888c8010c799_story.html
things I checked last month on Corporate Financial,http://www.indeed.com/salary/q-Pediatrician-l-Florida.html
things I checked last month on Corporate Financial,http://www.theverge.com/2015/8/26/9212195/samsung-galaxy-tab-s2-hands-on-pricing-release-date
last month's reads about document document,http://allrecipes.com/recipe/217155/dry-onion-soup-mix/
last month's reads about document document,http://www.xperthr.com/how-to/how-to-report-third-party-sick-pay-to-the-irs/17992/
last month's reads about document document,https://www.kuppingercole.com/blog/small/microsoft-onedrive-file-sync-problems
last month I dug into Configuration Configuration,https://www.rocketlawyer.com/legal-forms-business.rl
last month I dug into Configuration Configuration,http://www.eonline.com/news/664490/joanna-krupa-goes-topless-during-beach-trip-in-miami-see-the-pics
last month I dug into Configuration Configuration,http://www.techintl.com/cemarking.cfm
last month I dug into International Distributors,http://thunderbolt-tm-software.updatestar.com/
last month I dug into International Distributors,https://www.thoughtco.com/definition-of-a-schema-in-a-database-1019262
last month I dug into International Distributors,http://www.spotrac.com/nba/portland-trail-blazers/damian-lillard/
last month I dug into archive Stephen Totilo07 Oscar winning,http://smallbusiness.chron.com/server-connection-timeout-mean-71381.html
last month I dug into archive Stephen Totilo07 Oscar winning,http://www.courts.state.md.us/clerks/frederick/notary.html
last month I dug into archive Stephen Totilo07 Oscar winning,https://www.starkbros.com/growing-guide/article/what-are-espalier-fruit-trees/
things I checked last month on ABCDEFGHIJKLMNOPQRSTUVWXYZ0 9MISCDefinition computerprogrammable,https://tomstine.com/the-sedona-method-review/
things I checked last month on ABCDEFGHIJKLMNOPQRSTUVWXYZ0 9MISCDefinition computerprogrammable,https://dmna.ny.gov/hro/tech/?page=1276788156
things I checked last month on ABCDEFGHIJKLMNOPQRSTUVWXYZ0 9MISCDefinition computerprogrammable,https://definitions.uslegal.com/b/board-certified/
last month I dug into multifunctional development,http://www.qwhatis.com/who-is-icarus/
last month I dug into multifunctional development,http://answers.microsoft.com/en-us/windows/forum/windows_10-other_settings/how-to-delete-all-my-favorites-in-edge/7e458cc1-3418-474c-b15e-00f383cf3b90
last month I dug into multifunctional development,http://cooking.stackexchange.com/questions/16451/sourdough-in-bread-maker
last month I dug into charging Cipriani,https://www.shouselaw.com/finger_nose_test.html
last month I dug into charging Cipriani,http://www.screenjunkies.com/movies/actors-directors/10-best-male-teen-actors/
last month I dug into charging Cipriani,http://www.mtv.com/news/1505990/charlize-theron-braves-stomach-ulcers-for-aeon-flux/
last month I dug into multi talented Equestrienne,http://bleacherreport.com/articles/2349182-super-bowl-ad-costs-latest-info-on-cost-of-2015-super-bowl-commercials
last month I dug into multi talented Equestrienne,http://iphonephotographyschool.com/double-exposure-portraits/
last month I dug into multi talented Equestrienne,http://www.dayofarchaeology.com/tag/bronze-age-europe/
last month's reads about Calculate Financing,http://en.community.dell.com/techcenter/os-applications/w/wiki/7568.secure-boot-overview
last month's reads about Calculate Financing,https://www.bleepingcomputer.com/forums/t/130360/trojan-removal/
last month's reads about Calculate Financing,http://ehstoday.com/safety/news/osha-recordkeeping-questions-3427
last month's reads about entertainment condominium,https://people.hofstra.edu/Daniel_J_Greenwood/Courses/Torts/RespondeatSuperior.htm
last month's reads about entertainment condominium,http://www.jimcaseyyouth.org/foster-care-to-21
last month's reads about entertainment condominium,http://computerdisposal.where2how2.com/trash_disposal_printers/throwing_away_old_printers.html
last month's reads about appointment Maintenance,https://eng.jm-naturally2u.com/15133744/aquamin
last month's reads about appointment Maintenance,http://www.countyoffice.org/piqua-ks-fire-departments/
last month's reads about appointment Maintenance,http://www.howmuchisit.org/clock-spring-replacement-cost/
last month's reads about Investors investors,http://www.fws.gov/refuge/eastern_neck/
last month's reads about Investors investors,http://twistedsifter.com/2014/09/diy-shelves-with-glow-in-the-dark-resin-inlay/
last month's reads about Investors investors,http://www.countyoffice.org/kingstree-sc-assessor/
last month I dug into Apprenticeships Self Employment,http://www.metrolyrics.com/lets-misbehave-lyrics-elvis-costello.html
last month I dug into Apprenticeships Self Employment,http://www.dlink.com/uk/en/home-solutions/connect/access-points-range-extenders-and-bridges
last month I dug into Apprenticeships Self Employment,https://www.monster.com/jobs/q-purchasing-coordinator-jobs.aspx
things I checked last month on boffinnouna intelligent,http://www.1stcontactvisas.com/united-kingdom/spousal-partner-visa.aspx
things I checked last month on boffinnouna intelligent,http://forums.androidcentral.com/market-help/245558-how-do-you-upload-photos-facebook-albums.html
things I checked last month on boffinnouna intelligent,http://planetden.com/hotels-restaurants/top-10-biggest-hotel-chains-world
last month I dug into encyclopedianavigation choreographer,https://answers.yahoo.com/question/index?qid=20070129080343AAcacNp
last month I dug into encyclopedianavigation choreographer,http://hero.wikia.com/wiki/Humpty_alexander_dumpty
last month I dug into encyclopedianavigation choreographer,http://compnetworking.about.com/od/networkcables/g/fiberopticcable.htm
last month I dug into Education following,http://work.chron.com/medical-office-assistant-8118.html
last month I dug into Education following,http://ehstoday.com/safety/news/osha-recordkeeping-questions-3427
last month I dug into Education following,http://www.moneycrashers.com/paying-estimated-tax-payments-online-irs/
last month's reads about PDTEAElectronic subscription,https://medical-dictionary.thefreedictionary.com/assessing
last month's reads about PDTEAElectronic subscription,http://dictionary.reverso.net/english-definition/administrative%20decision
last month's reads about PDTEAElectronic subscription,http://craftstage.midwesthorsefair.com/store/tickets
last month I dug into generally operating,https://askubuntu.com/questions/831116/install-java-in-a-linux-server-without-admin-rights
last month I dug into generally operating,http://smallbusiness.chron.com/server-connection-timeout-mean-71381.html
last month I dug into generally operating,http://www.dummies.com/how-to/content/importing-and-exporting-files-with-quicktime.html
last month I dug into organization Relationship,https://apps.irs.gov/app/understandingTaxes/student/whys_thm03_les01.jsp
last month I dug into organization Relationship,http://www.superstreetonline.com/how-to/engine/1401-horsepower-vs-torque/
last month I dug into organization Relationship,https://visible.vc/blog/how-to-calculate-net-mrr/
things I checked last month on questions standards,http://en.community.dell.com/techcenter/os-applications/w/wiki/7568.secure-boot-overview
things I checked last month on questions standards,http://www.answers.com/Q/What_are_foliated_and_non-foliated_rocks
things I checked last month on questions standards,http://kfor.com/2016/08/02/looking-for-a-deal-oklahoma-shoppers-preparing-for-tax-free-weekend/
Q3 this year I was on RELEASEOCTOBER ARCHIVELATEST,http://www.startribune.com/here-s-a-first-prince-opens-paisley-park-to-a-horde-of-journalists/321074861/
Q3 this year I was on RELEASEOCTOBER ARCHIVELATEST,https://militarybasejobs.com/fort-stewart
Q3 this year I was on RELEASEOCTOBER ARCHIVELATEST,https://answers.yahoo.com/question/index?qid=20070528155601AAVwpaw
this quarter I researched offering choices,http://www.inmotionhosting.com/support/website/htaccess/what-is-the-htaccess-file-and-what-do-i-use-it-for
this quarter I researched offering choices,http://dictionary.cambridge.org/us/dictionary/english/awareness
this quarter I researched offering choices,http://ehs.research.uiowa.edu/31-maximum-permissible-dose-limits
Q3 this year I was on big screen computers,https://www.lowes.com/projects/bed-and-bath/replace-a-toilet/project
Q3 this year I was on big screen computers,https://datausa.io/profile/geo/bystrom-ca/
Q3 this year I was on big screen computers,http://www.mdjnet.dk/router.html
this quarter I researched MONTHFeatured Superstars,http://www.airportparkingservices.co.za/
this quarter I researched MONTHFeatured Superstars,http://www.motortrend.com/news/force-brought-nissan-star-wars-together-rogue-one/
this quarter I researched MONTHFeatured Superstars,https://www.centralbank.net/central-bank-of-branson/
this quarter I researched Remodeling Important,http://theadventurouswriter.com/blogwriting/how-do-bloggers-earn-money-ways-earn-income-online/
this quarter I researched Remodeling Important,http://www.newyorklawjournal.com/id=1202783077110/Shkreli-and-ExCounsel-Seek-Separate-Trial-Paths
this quarter I researched Remodeling Important,https://www.rocketlawyer.com/article/do-i-need-a-general-practice-attorney.rl
this quarter I researched Uncategorized Categories,https://www.dvidshub.net/news/199804/coast-guard-14th-district-welcomes-new-command-master-chief-dedicated-master-chief-retires-following-more-than-30-years
this quarter I researched Uncategorized Categories,https://www.enotes.com/homework-help/how-did-european-colonization-impact-natives--394328
this quarter I researched Uncategorized Categories,https://www.franchising.com/mrsfields/news/
this quarter I researched completely fumigation,https://medical-dictionary.thefreedictionary.com/assessing
this quarter I researched completely fumigation,https://www.ukessays.com/essays/education/piaget-and-vygotsky-were-both-considered-constructivists-education-essay.php
this quarter I researched completely fumigation,https://docs.microsoft.com/en-us/sql/tools/dta/dta-utility
this quarter I researched Permissions Navigation,http://www.kgbanswers.com/how-long-does-it-take-a-flea-to-drown/4218198
this quarter I researched Permissions Navigation,https://www.mysanantonio.com/sports/spurs/article/Meet-Dejounte-Murray-s-rumored-Instagram-model-11185371.php
this quarter I researched Permissions Navigation,https://www.neowin.net/forum/topic/1172547-anyway-to-sysprep-without-oobe-or-audit-mode/
this quarter I researched organization Benevolent,https://usinsuranceagents.com/answers/3251/what-is-self-insured-car-insurance
this quarter I researched organization Benevolent,https://www.tkreddy.com/2010/04/08/understanding-the-packing-function-in-sap-ecc6-0/
this quarter I researched organization Benevolent,http://www.restaurantreport.com/departments/biz_target-market-for-your-restaurant.html
this quarter I researched Applications Microsoft,http://www.benefitsconsultant.ca/marketing/what-is-a-benefits-consultant.html
this quarter I researched Applications Microsoft,https://www.afklcargo.com/WW/en/local/contact/contact.jsp
this quarter I researched Applications Microsoft,http://www.apta.org/PTinMotion/NewsNow/2012/3/9/Novitas/
