url,title,description,frecency,last_visit_date,last_visit_date_str,temporal_score,score,frecency_normalized,inside_window,window_diff_days
https://www.firefox.com/2024-04-13/2-3,2024-04-13 - 2/3,"Get Firefox for Windows, Mac or Linux. Firefox is a free web browser backed by Mozilla, a non-profit dedicated to internet health and privacy.",5000,1713014350000,2024-04-13T09:19:10,0.36314614796975236,0.36314614796975236,1.0,True,0.0
https://www.firefox.com/2024-04-14/1-3,2024-04-14 - 1/3,"Get Firefox for Windows, Mac or Linux. Firefox is a free web browser backed by Mozilla, a non-profit dedicated to internet health and privacy.",5000,1713086558000,2024-04-14T05:22:38,0.3724087139804798,0.3724087139804798,1.0,True,0.0
https://www.firefox.com/2024-04-14/2-3,2024-04-14 - 2/3,"Get Firefox for Windows, Mac or Linux. Firefox is a free web browser backed by Mozilla, a non-profit dedicated to internet health and privacy.",5000,1713098168000,2024-04-14T08:36:08,0.3739198919062427,0.3739198919062427,1.0,True,0.0
https://www.firefox.com/2024-04-14/3-3,2024-04-14 - 3/3,"Get Firefox for Windows, Mac or Linux. Firefox is a free web browser backed by Mozilla, a non-profit dedicated to internet health and privacy.",5000,1713080674000,2024-04-14T03:44:34,0.3716451757450274,0.3716451757450274,1.0,True,0.0
https://www.firefox.com/2024-04-15/1-3,2024-04-15 - 1/3,"Get Firefox for Windows, Mac or Linux. Firefox is a free web browser backed by Mozilla, a non-profit dedicated to internet health and privacy.",5000,1713199393000,2024-04-15T12:43:13,0.3873580518336648,0.3873580518336648,1.0,True,0.0
https://www.firefox.com/2024-04-15/2-3,2024-04-15 - 2/3,"Get Firefox for Windows, Mac or Linux. Firefox is a free web browser backed by Mozilla, a non-profit dedicated to internet health and privacy.",5000,1713199619000,2024-04-15T12:46:59,0.3873885885283911,0.3873885885283911,1.0,True,0.0
https://www.firefox.com/2024-04-15/3-3,2024-04-15 - 3/3,"Get Firefox for Windows, Mac or Linux. Firefox is a free web browser backed by Mozilla, a non-profit dedicated to internet health and privacy.",5000,1713238199000,2024-04-15T23:29:59,0.3926368847849317,0.3926368847849317,1.0,True,0.0
https://www.firefox.com/2024-04-16/1-3,2024-04-16 - 1/3,"Get Firefox for Windows, Mac or Linux. Firefox is a free web browser backed by Mozilla, a non-profit dedicated to internet health and privacy.",5000,1713309547000,2024-04-16T19:19:07,0.4025308879945336,0.4025308879945336,1.0,True,0.0
https://www.firefox.com/2024-04-16/2-3,2024-04-16 - 2/3,"Get Firefox for Windows, Mac or Linux. Firefox is a free web browser backed by Mozilla, a non-profit dedicated to internet health and privacy.",5000,1713306840000,2024-04-16T18:34:00,0.40215099058552056,0.40215099058552056,1.0,True,0.0
https://www.firefox.com/2024-04-16/3-3,2024-04-16 - 3/3,"Get Firefox for Windows, Mac or Linux. Firefox is a free web browser backed by Mozilla, a non-profit dedicated to internet health and privacy.",5000,1713265415000,2024-04-16T07:03:35,0.3963819751912867,0.3963819751912867,1.0,True,0.0
https://www.firefox.com/2024-04-17/1-3,2024-04-17 - 1/3,"Get Firefox for Windows, Mac or Linux. Firefox is a free web browser backed by Mozilla, a non-profit dedicated to internet health and privacy.",5000,1713393310000,2024-04-17T18:35:10,0.4144651388464749,0.4144651388464749,1.0,True,0.0
https://www.firefox.com/2024-04-17/2-3,2024-04-17 - 2/3,"Get Firefox for Windows, Mac or Linux. Firefox is a free web browser backed by Mozilla, a non-profit dedicated to internet health and privacy.",5000,1713409398000,2024-04-17T23:03:18,0.4167974852811148,0.4167974852811148,1.0,True,0.0
https://www.firefox.com/2024-04-17/3-3,2024-04-17 - 3/3,"Get Firefox for Windows, Mac or Linux. Firefox is a free web browser backed by Mozilla, a non-profit dedicated to internet health and privacy.",5000,1713341345000,2024-04-17T04:09:05,0.4070203425220938,0.4070203425220938,1.0,True,0.0
https://www.firefox.com/2024-04-18/1-3,2024-04-18 - 1/3,"Get Firefox for Windows, Mac or Linux. Firefox is a free web browser backed by Mozilla, a non-profit dedicated to internet health and privacy.",5000,1713456455000,2024-04-18T12:07:35,0.4236951532841607,0.4236951532841607,1.0,True,0.0
https://www.firefox.com/2024-04-18/2-3,2024-04-18 - 2/3,"Get Firefox for Windows, Mac or Linux. Firefox is a free web browser backed by Mozilla, a non-profit dedicated to internet health and privacy.",5000,1713434837000,2024-04-18T06:07:17,0.4205123007024621,0.4205123007024621,1.0,True,0.0
https://www.firefox.com/2024-04-18/3-3,2024-04-18 - 3/3,"Get Firefox for Windows, Mac or Linux. Firefox is a free web browser backed by Mozilla, a non-profit dedicated to internet health and privacy.",5000,1713422811000,2024-04-18T02:46:51,0.4187520552605448,0.4187520552605448,1.0,True,0.0
https://www.firefox.com/2024-04-19/1-3,2024-04-19 - 1/3,"Get Firefox for Windows, Mac or Linux. Firefox is a free web browser backed by Mozilla, a non-profit dedicated to internet health and privacy.",5000,1713539868000,2024-04-19T11:17:48,0.43620362716884825,0.43620362716884825,1.0,True,0.0
https://www.firefox.com/2024-04-19/2-3,2024-04-19 - 2/3,"Get Firefox for Windows, Mac or Linux. Firefox is a free web browser backed by Mozilla, a non-profit dedicated to internet health and privacy.",5000,1713543700000,2024-04-19T12:21:40,0.43678705740446044,0.43678705740446044,1.0,True,0.0
https://www.firefox.com/2024-04-19/3-3,2024-04-19 - 3/3,"Get Firefox for Windows, Mac or Linux. Firefox is a free web browser backed by Mozilla, a non-profit dedicated to internet health and privacy.",5000,1713528241000,2024-04-19T08:04:01,0.4344381566486487,0.4344381566486487,1.0,True,0.0
https://www.firefox.com/2024-04-20/1-3,2024-04-20 - 1/3,"Get Firefox for Windows, Mac or Linux. Firefox is a free web browser backed by Mozilla, a non-profit dedicated to internet health and privacy.",5000,1713654276000,2024-04-20T19:04:36,0.4539628470753539,0.4539628470753539,1.0,True,0.0
https://www.firefox.com/2024-04-20/2-3,2024-04-20 - 2/3,"Get Firefox for Windows, Mac or Linux. Firefox is a free web browser backed by Mozilla, a non-profit dedicated to internet health and privacy.",5000,1713595908000,2024-04-20T02:51:48,0.4448140165470469,0.4448140165470469,1.0,True,0.0
https://www.firefox.com/2024-04-20/3-3,2024-04-20 - 3/3,"Get Firefox for Windows, Mac or Linux. Firefox is a free web browser backed by Mozilla, a non-profit dedicated to internet health and privacy.",5000,1713637473000,2024-04-20T14:24:33,0.45130995888972036,0.45130995888972036,1.0,True,0.0
https://www.firefox.com/2024-04-21/1-3,2024-04-21 - 1/3,"Get Firefox for Windows, Mac or Linux. Firefox is a free web browser backed by Mozilla, a non-profit dedicated to internet health and privacy.",5000,1713729104000,2024-04-21T15:51:44,0.46596746382183374,0.46596746382183374,1.0,True,0.0
https://www.firefox.com/2024-04-21/2-3,2024-04-21 - 2/3,"Get Firefox for Windows, Mac or Linux. Firefox is a free web browser backed by Mozilla, a non-profit dedicated to internet health and privacy.",5000,1713749184000,2024-04-21T21:26:24,0.46924256692320576,0.46924256692320576,1.0,True,0.0
https://www.firefox.com/2024-04-21/3-3,2024-04-21 - 3/3,"Get Firefox for Windows, Mac or Linux. Firefox is a free web browser backed by Mozilla, a non-profit dedicated to internet health and privacy.",5000,1713724487000,2024-04-21T14:34:47,0.46521765646843116,0.46521765646843116,1.0,True,0.0
https://www.firefox.com/2024-04-22/1-3,2024-04-22 - 1/3,"Get Firefox for Windows, Mac or Linux. Firefox is a free web browser backed by Mozilla, a non-profit dedicated to internet health and privacy.",5000,1713815640000,2024-04-22T15:54:00,0.4802467734342936,0.4802467734342936,1.0,True,0.0
https://www.firefox.com/2024-04-22/2-3,2024-04-22 - 2/3,"Get Firefox for Windows, Mac or Linux. Firefox is a free web browser backed by Mozilla, a non-profit dedicated to internet health and privacy.",5000,1713772275000,2024-04-22T03:51:15,0.4730372382344066,0.4730372382344066,1.0,True,0.0
https://www.firefox.com/2024-04-22/3-3,2024-04-22 - 3/3,"Get Firefox for Windows, Mac or Linux. Firefox is a free web browser backed by Mozilla, a non-profit dedicated to internet health and privacy.",5000,1713790291000,2024-04-22T08:51:31,0.47601920551002835,0.47601920551002835,1.0,True,0.0
https://www.firefox.com/2024-04-23/1-3,2024-04-23 - 1/3,"Get Firefox for Windows, Mac or Linux. Firefox is a free web browser backed by Mozilla, a non-profit dedicated to internet health and privacy.",5000,1713905105000,2024-04-23T16:45:05,0.49546960374972787,0.49546960374972787,1.0,True,0.0
https://www.firefox.com/2024-04-23/2-3,2024-04-23 - 2/3,"Get Firefox for Windows, Mac or Linux. Firefox is a free web browser backed by Mozilla, a non-profit dedicated to internet health and privacy.",5000,1713892228000,2024-04-23T13:10:28,0.493249155648586,0.493249155648586,1.0,True,0.0
https://www.firefox.com/2024-04-23/3-3,2024-04-23 - 3/3,"Get Firefox for Windows, Mac or Linux. Firefox is a free web browser backed by Mozilla, a non-profit dedicated to internet health and privacy.",5000,1713856351000,2024-04-23T03:12:31,0.4871150424969179,0.4871150424969179,1.0,True,0.0
https://www.firefox.com/2024-04-24/1-3,2024-04-24 - 1/3,"Get Firefox for Windows, Mac or Linux. Firefox is a free web browser backed by Mozilla, a non-profit dedicated to internet health and privacy.",5000,1713973768000,2024-04-24T11:49:28,0.5074793752156431,0.5074793752156431,1.0,True,0.0
https://www.firefox.com/2024-04-24/2-3,2024-04-24 - 2/3,"Get Firefox for Windows, Mac or Linux. Firefox is a free web browser backed by Mozilla, a non-profit dedicated to internet health and privacy.",5000,1713953727000,2024-04-24T06:15:27,0.5039442516305063,0.5039442516305063,1.0,True,0.0
https://www.firefox.com/2024-04-24/3-3,2024-04-24 - 3/3,"Get Firefox for Windows, Mac or Linux. Firefox is a free web browser backed by Mozilla, a non-profit dedicated to internet health and privacy.",5000,1714012218000,2024-04-24T22:30:18,0.5143313249384197,0.5143313249384197,1.0,True,0.0
https://www.firefox.com/2024-04-25/1-3,2024-04-25 - 1/3,"Get Firefox for Windows, Mac or Linux. Firefox is a free web browser backed by Mozilla, a non-profit dedicated to internet health and privacy.",5000,1714032696000,2024-04-25T04:11:36,0.5180182674824715,0.5180182674824715,1.0,True,0.0
https://www.firefox.com/2024-04-25/2-3,2024-04-25 - 2/3,"Get Firefox for Windows, Mac or Linux. Firefox is a free web browser backed by Mozilla, a non-profit dedicated to internet health and privacy.",5000,1714070688000,2024-04-25T14:44:48,0.5249286468742446,0.5249286468742446,1.0,True,0.0
https://www.firefox.com/2024-04-25/3-3,2024-04-25 - 3/3,"Get Firefox for Windows, Mac or Linux. Firefox is a free web browser backed by Mozilla, a non-profit dedicated to internet health and privacy.",5000,1714020333000,2024-04-25T00:45:33,0.5157892331281245,0.5157892331281245,1.0,True,0.0
https://www.firefox.com/2024-04-26/1-3,2024-04-26 - 1/3,"Get Firefox for Windows, Mac or Linux. Firefox is a free web browser backed by Mozilla, a non-profit dedicated to internet health and privacy.",5000,1714187904000,2024-04-26T23:18:24,0.5468354752579946,0.5468354752579946,1.0,True,0.0
https://www.firefox.com/2024-04-26/2-3,2024-04-26 - 2/3,"Get Firefox for Windows, Mac or Linux. Firefox is a free web browser backed by Mozilla, a non-profit dedicated to internet health and privacy.",5000,1714158747000,2024-04-26T15:12:27,0.5413022690508971,0.5413022690508971,1.0,True,0.0
https://www.firefox.com/2024-04-26/3-3,2024-04-26 - 3/3,"Get Firefox for Windows, Mac or Linux. Firefox is a free web browser backed by Mozilla, a non-profit dedicated to internet health and privacy.",5000,1714141947000,2024-04-26T10:32:27,0.5381395460025667,0.5381395460025667,1.0,True,0.0
https://www.firefox.com/2024-04-27/1-3,2024-04-27 - 1/3,"Get Firefox for Windows, Mac or Linux. Firefox is a free web browser backed by Mozilla, a non-profit dedicated to internet health and privacy.",5000,1714246667000,2024-04-27T15:37:47,0.5581595562632509,0.5581595562632509,1.0,True,0.0
https://www.firefox.com/2024-04-27/2-3,2024-04-27 - 2/3,"Get Firefox for Windows, Mac or Linux. Firefox is a free web browser backed by Mozilla, a non-profit dedicated to internet health and privacy.",5000,1714265556000,2024-04-27T20:52:36,0.5618491852263738,0.5618491852263738,1.0,True,0.0
https://www.firefox.com/2024-04-27/3-3,2024-04-27 - 3/3,"Get Firefox for Windows, Mac or Linux. Firefox is a free web browser backed by Mozilla, a non-profit dedicated to internet health and privacy.",5000,1714243408000,2024-04-27T14:43:28,0.557525424091297,0.557525424091297,1.0,True,0.0
https://www.firefox.com/2024-04-28/1-3,2024-04-28 - 1/3,"Get Firefox for Windows, Mac or Linux. Firefox is a free web browser backed by Mozilla, a non-profit dedicated to internet health and privacy.",5000,1714287005000,2024-04-28T02:50:05,0.5660684452965532,0.5660684452965532,1.0,True,0.0
https://www.firefox.com/2024-04-28/2-3,2024-04-28 - 2/3,"Get Firefox for Windows, Mac or Linux. Firefox is a free web browser backed by Mozilla, a non-profit dedicated to internet health and privacy.",5000,1714317833000,2024-04-28T11:23:53,0.5721882174583383,0.5721882174583383,1.0,True,0.0
https://www.firefox.com/2024-04-28/3-3,2024-04-28 - 3/3,"Get Firefox for Windows, Mac or Linux. Firefox is a free web browser backed by Mozilla, a non-profit dedicated to internet health and privacy.",5000,1714352265000,2024-04-28T20:57:45,0.5791016799357164,0.5791016799357164,1.0,True,0.0
https://www.firefox.com/2024-04-29/1-3,2024-04-29 - 1/3,"Get Firefox for Windows, Mac or Linux. Firefox is a free web browser backed by Mozilla, a non-profit dedicated to internet health and privacy.",5000,1714420376000,2024-04-29T15:52:56,0.5930244309902901,0.5930244309902901,1.0,True,0.0
https://www.firefox.com/2024-04-29/2-3,2024-04-29 - 2/3,"Get Firefox for Windows, Mac or Linux. Firefox is a free web browser backed by Mozilla, a non-profit dedicated to internet health and privacy.",5000,1714365656000,2024-04-29T00:40:56,0.5818129100314057,0.5818129100314057,1.0,True,0.0
https://www.firefox.com/2024-04-29/3-3,2024-04-29 - 3/3,"Get Firefox for Windows, Mac or Linux. Firefox is a free web browser backed by Mozilla, a non-profit dedicated to internet health and privacy.",5000,1714423460000,2024-04-29T16:44:20,0.5936627010128096,0.5936627010128096,1.0,True,0.0
https://www.firefox.com/2024-04-30/1-3,2024-04-30 - 1/3,"Get Firefox for Windows, Mac or Linux. Firefox is a free web browser backed by Mozilla, a non-profit dedicated to internet health and privacy.",5000,1714459047000,2024-04-30T02:37:27,0.601077736814044,0.601077736814044,1.0,True,0.0
https://www.firefox.com/2024-04-30/2-3,2024-04-30 - 2/3,"Get Firefox for Windows, Mac or Linux. Firefox is a free web browser backed by Mozilla, a non-profit dedicated to internet health and privacy.",5000,1714501644000,2024-04-30T14:27:24,0.6100752797229337,0.6100752797229337,1.0,True,0.0
https://www.firefox.com/2024-04-30/3-3,2024-04-30 - 3/3,"Get Firefox for Windows, Mac or Linux. Firefox is a free web browser backed by Mozilla, a non-profit dedicated to internet health and privacy.",5000,1714455144000,2024-04-30T01:32:24,0.6002599925849396,0.6002599925849396,1.0,True,0.0
https://www.firefox.com/2024-05-01/1-3,2024-05-01 - 1/3,"Get Firefox for Windows, Mac or Linux. Firefox is a free web browser backed by Mozilla, a non-profit dedicated to internet health and privacy.",5000,1714601570000,2024-05-01T18:12:50,0.6317142413502288,0.6317142413502288,1.0,True,0.0
https://www.firefox.com/2024-05-01/2-3,2024-05-01 - 2/3,"Get Firefox for Windows, Mac or Linux. Firefox is a free web browser backed by Mozilla, a non-profit dedicated to internet health and privacy.",5000,1714609233000,2024-05-01T20:20:33,0.6334050089546261,0.6334050089546261,1.0,True,0.0
https://www.firefox.com/2024-05-01/3-3,2024-05-01 - 3/3,"Get Firefox for Windows, Mac or Linux. Firefox is a free web browser backed by Mozilla, a non-profit dedicated to internet health and privacy.",5000,1714582421000,2024-05-01T12:53:41,0.6275089017921436,0.6275089017921436,1.0,True,0.0
https://www.firefox.com/2024-05-02/1-3,2024-05-02 - 1/3,"Get Firefox for Windows, Mac or Linux. Firefox is a free web browser backed by Mozilla, a non-profit dedicated to internet health and privacy.",5000,1714672234000,2024-05-02T13:50:34,0.6474782262992953,0.6474782262992953,1.0,True,0.0
https://www.firefox.com/2024-05-02/2-3,2024-05-02 - 2/3,"Get Firefox for Windows, Mac or Linux. Firefox is a free web browser backed by Mozilla, a non-profit dedicated to internet health and privacy.",5000,1714692206000,2024-05-02T19:23:26,0.6520045354229274,0.6520045354229274,1.0,True,0.0
https://www.firefox.com/2024-05-02/3-3,2024-05-02 - 3/3,"Get Firefox for Windows, Mac or Linux. Firefox is a free web browser backed by Mozilla, a non-profit dedicated to internet health and privacy.",5000,1714652561000,2024-05-02T08:22:41,0.643050401608291,0.643050401608291,1.0,True,0.0
https://www.firefox.com/2024-05-03/1-3,2024-05-03 - 1/3,"Get Firefox for Windows, Mac or Linux. Firefox is a free web browser backed by Mozilla, a non-profit dedicated to internet health and privacy.",5000,1714765246000,2024-05-03T15:40:46,0.6688289213917207,0.6688289213917207,1.0,True,0.0
https://www.firefox.com/2024-05-03/2-3,2024-05-03 - 2/3,"Get Firefox for Windows, Mac or Linux. Firefox is a free web browser backed by Mozilla, a non-profit dedicated to internet health and privacy.",5000,1714731828000,2024-05-03T06:23:48,0.6610780472302099,0.6610780472302099,1.0,True,0.0
https://www.firefox.com/2024-05-03/3-3,2024-05-03 - 3/3,"Get Firefox for Windows, Mac or Linux. Firefox is a free web browser backed by Mozilla, a non-profit dedicated to internet health and privacy.",5000,1714725732000,2024-05-03T04:42:12,0.6596738764431609,0.6596738764431609,1.0,True,0.0
https://www.firefox.com/2024-05-04/1-3,2024-05-04 - 1/3,"Get Firefox for Windows, Mac or Linux. Firefox is a free web browser backed by Mozilla, a non-profit dedicated to internet health and privacy.",5000,1714810926000,2024-05-04T04:22:06,0.6795710295875864,0.6795710295875864,1.0,True,0.0
https://www.firefox.com/2024-05-04/2-3,2024-05-04 - 2/3,"Get Firefox for Windows, Mac or Linux. Firefox is a free web browser backed by Mozilla, a non-profit dedicated to internet health and privacy.",5000,1714796213000,2024-05-04T00:16:53,0.676092417074276,0.676092417074276,1.0,True,0.0
https://www.firefox.com/2024-05-04/3-3,2024-05-04 - 3/3,"Get Firefox for Windows, Mac or Linux. Firefox is a free web browser backed by Mozilla, a non-profit dedicated to internet health and privacy.",5000,1714860393000,2024-05-04T18:06:33,0.6913983521381907,0.6913983521381907,1.0,True,0.0
https://www.firefox.com/2024-05-05/1-3,2024-05-05 - 1/3,"Get Firefox for Windows, Mac or Linux. Firefox is a free web browser backed by Mozilla, a non-profit dedicated to internet health and privacy.",5000,1714915091000,2024-05-05T09:18:11,0.7047161741409328,0.7047161741409328,1.0,True,0.0
https://www.firefox.com/2024-05-05/2-3,2024-05-05 - 2/3,"Get Firefox for Windows, Mac or Linux. Firefox is a free web browser backed by Mozilla, a non-profit dedicated to internet health and privacy.",5000,1714919538000,2024-05-05T10:32:18,0.7058101358488583,0.7058101358488583,1.0,True,0.0
https://www.firefox.com/2024-05-05/3-3,2024-05-05 - 3/3,"Get Firefox for Windows, Mac or Linux. Firefox is a free web browser backed by Mozilla, a non-profit dedicated to internet health and privacy.",5000,1714924607000,2024-05-05T11:56:47,0.7070591807724707,0.7070591807724707,1.0,True,0.0
https://www.firefox.com/2024-05-06/1-3,2024-05-06 - 1/3,"Get Firefox for Windows, Mac or Linux. Firefox is a free web browser backed by Mozilla, a non-profit dedicated to internet health and privacy.",5000,1715007507000,2024-05-06T10:58:27,0.7278029819692521,0.7278029819692521,1.0,True,0.0
https://www.firefox.com/2024-05-06/2-3,2024-05-06 - 2/3,"Get Firefox for Windows, Mac or Linux. Firefox is a free web browser backed by Mozilla, a non-profit dedicated to internet health and privacy.",5000,1714995686000,2024-05-06T07:41:26,0.724808257376094,0.724808257376094,1.0,True,0.0
https://www.firefox.com/2024-05-06/3-3,2024-05-06 - 3/3,"Get Firefox for Windows, Mac or Linux. Firefox is a free web browser backed by Mozilla, a non-profit dedicated to internet health and privacy.",5000,1714985987000,2024-05-06T04:59:47,0.7223603242048684,0.7223603242048684,1.0,True,0.0
https://www.firefox.com/2024-05-07/1-3,2024-05-07 - 1/3,"Get Firefox for Windows, Mac or Linux. Firefox is a free web browser backed by Mozilla, a non-profit dedicated to internet health and privacy.",5000,1715061580000,2024-05-07T01:59:40,0.7416603332476147,0.7416603332476147,1.0,True,0.0
https://www.firefox.com/2024-05-07/2-3,2024-05-07 - 2/3,"Get Firefox for Windows, Mac or Linux. Firefox is a free web browser backed by Mozilla, a non-profit dedicated to internet health and privacy.",5000,1715055407000,2024-05-07T00:16:47,0.7400651237065999,0.7400651237065999,1.0,True,0.0
https://www.firefox.com/2024-05-07/3-3,2024-05-07 - 3/3,"Get Firefox for Windows, Mac or Linux. Firefox is a free web browser backed by Mozilla, a non-profit dedicated to internet health and privacy.",5000,1715081194000,2024-05-07T07:26:34,0.7467517841595702,0.7467517841595702,1.0,True,0.0
https://www.firefox.com/2024-05-08/1-3,2024-05-08 - 1/3,"Get Firefox for Windows, Mac or Linux. Firefox is a free web browser backed by Mozilla, a non-profit dedicated to internet health and privacy.",5000,1715169703000,2024-05-08T08:01:43,0.7701654115811758,0.7701654115811758,1.0,True,0.0
https://www.firefox.com/2024-05-08/2-3,2024-05-08 - 2/3,"Get Firefox for Windows, Mac or Linux. Firefox is a free web browser backed by Mozilla, a non-profit dedicated to internet health and privacy.",5000,1715192607000,2024-05-08T14:23:27,0.7763429461371223,0.7763429461371223,1.0,True,0.0
https://www.firefox.com/2024-05-08/3-3,2024-05-08 - 3/3,"Get Firefox for Windows, Mac or Linux. Firefox is a free web browser backed by Mozilla, a non-profit dedicated to internet health and privacy.",5000,1715219354000,2024-05-08T21:49:14,0.7836197391998015,0.7836197391998015,1.0,True,0.0
https://www.firefox.com/2024-05-09/1-3,2024-05-09 - 1/3,"Get Firefox for Windows, Mac or Linux. Firefox is a free web browser backed by Mozilla, a non-profit dedicated to internet health and privacy.",5000,1715296266000,2024-05-09T19:11:06,0.8049267176172987,0.8049267176172987,1.0,True,0.0
https://www.firefox.com/2024-05-09/2-3,2024-05-09 - 2/3,"Get Firefox for Windows, Mac or Linux. Firefox is a free web browser backed by Mozilla, a non-profit dedicated to internet health and privacy.",5000,1715267625000,2024-05-09T11:13:45,0.796925411703174,0.796925411703174,1.0,True,0.0
https://www.firefox.com/2024-05-09/3-3,2024-05-09 - 3/3,"Get Firefox for Windows, Mac or Linux. Firefox is a free web browser backed by Mozilla, a non-profit dedicated to internet health and privacy.",5000,1715233152000,2024-05-09T01:39:12,0.7874002536392325,0.7874002536392325,1.0,True,0.0
https://www.firefox.com/2024-05-10/1-3,2024-05-10 - 1/3,"Get Firefox for Windows, Mac or Linux. Firefox is a free web browser backed by Mozilla, a non-profit dedicated to internet health and privacy.",5000,1715350725000,2024-05-10T10:18:45,0.8203629484586695,0.8203629484586695,1.0,True,0.0
https://www.firefox.com/2024-05-10/2-3,2024-05-10 - 2/3,"Get Firefox for Windows, Mac or Linux. Firefox is a free web browser backed by Mozilla, a non-profit dedicated to internet health and privacy.",5000,1715391343000,2024-05-10T21:35:43,0.8320684111778599,0.8320684111778599,1.0,True,0.0
https://www.firefox.com/2024-05-10/3-3,2024-05-10 - 3/3,"Get Firefox for Windows, Mac or Linux. Firefox is a free web browser backed by Mozilla, a non-profit dedicated to internet health and privacy.",5000,1715377383000,2024-05-10T17:43:03,0.8280266429759345,0.8280266429759345,1.0,True,0.0
https://www.firefox.com/2024-05-11/1-3,2024-05-11 - 1/3,"Get Firefox for Windows, Mac or Linux. Firefox is a free web browser backed by Mozilla, a non-profit dedicated to internet health and privacy.",5000,1715445242000,2024-05-11T12:34:02,0.8478595136710695,0.8478595136710695,1.0,True,0.0
https://www.firefox.com/2024-05-11/2-3,2024-05-11 - 2/3,"Get Firefox for Windows, Mac or Linux. Firefox is a free web browser backed by Mozilla, a non-profit dedicated to internet health and privacy.",5000,1715456349000,2024-05-11T15:39:09,0.8511506516704571,0.8511506516704571,1.0,True,0.0
https://www.firefox.com/2024-05-11/3-3,2024-05-11 - 3/3,"Get Firefox for Windows, Mac or Linux. Firefox is a free web browser backed by Mozilla, a non-profit dedicated to internet health and privacy.",5000,1715414534000,2024-05-11T04:02:14,0.8388264411841894,0.8388264411841894,1.0,True,0.0
https://www.firefox.com/2024-05-12/1-3,2024-05-12 - 1/3,"Get Firefox for Windows, Mac or Linux. Firefox is a free web browser backed by Mozilla, a non-profit dedicated to internet health and privacy.",5000,1715514655000,2024-05-12T07:50:55,0.8686381336120643,0.8686381336120643,1.0,True,0.0
https://www.firefox.com/2024-05-12/2-3,2024-05-12 - 2/3,"Get Firefox for Windows, Mac or Linux. Firefox is a free web browser backed by Mozilla, a non-profit dedicated to internet health and privacy.",5000,1715553554000,2024-05-12T18:39:14,0.8805043110907438,0.8805043110907438,1.0,True,0.0
https://www.firefox.com/2024-05-12/3-3,2024-05-12 - 3/3,"Get Firefox for Windows, Mac or Linux. Firefox is a free web browser backed by Mozilla, a non-profit dedicated to internet health and privacy.",5000,1715501318000,2024-05-12T04:08:38,0.8646065920427323,0.8646065920427323,1.0,True,0.0
https://www.firefox.com/2024-05-13/1-3,2024-05-13 - 1/3,"Get Firefox for Windows, Mac or Linux. Firefox is a free web browser backed by Mozilla, a non-profit dedicated to internet health and privacy.",5000,1715630739000,2024-05-13T16:05:39,0.9045317542966189,0.9045317542966189,1.0,True,0.0
https://www.firefox.com/2024-05-13/2-3,2024-05-13 - 2/3,"Get Firefox for Windows, Mac or Linux. Firefox is a free web browser backed by Mozilla, a non-profit dedicated to internet health and privacy.",5000,1715627087000,2024-05-13T15:04:47,0.9033802597438416,0.9033802597438416,1.0,True,0.0
https://www.firefox.com/2024-05-13/3-3,2024-05-13 - 3/3,"Get Firefox for Windows, Mac or Linux. Firefox is a free web browser backed by Mozilla, a non-profit dedicated to internet health and privacy.",5000,1715608604000,2024-05-13T09:56:44,0.8975749185338538,0.8975749185338538,1.0,True,0.0
https://www.firefox.com/2024-05-14/1-3,2024-05-14 - 1/3,"Get Firefox for Windows, Mac or Linux. Firefox is a free web browser backed by Mozilla, a non-profit dedicated to internet health and privacy.",5000,1715714776000,2024-05-14T15:26:16,0.931438361591197,0.931438361591197,1.0,True,0.0
https://www.firefox.com/2024-05-14/2-3,2024-05-14 - 2/3,"Get Firefox for Windows, Mac or Linux. Firefox is a free web browser backed by Mozilla, a non-profit dedicated to internet health and privacy.",5000,1715722856000,2024-05-14T17:40:56,0.9340671855547947,0.9340671855547947,1.0,True,0.0
https://www.firefox.com/2024-05-14/3-3,2024-05-14 - 3/3,"Get Firefox for Windows, Mac or Linux. Firefox is a free web browser backed by Mozilla, a non-profit dedicated to internet health and privacy.",5000,1715738770000,2024-05-14T22:06:10,0.9392665142195833,0.9392665142195833,1.0,True,0.0
https://www.firefox.com/2024-05-15/1-3,2024-05-15 - 1/3,"Get Firefox for Windows, Mac or Linux. Firefox is a free web browser backed by Mozilla, a non-profit dedicated to internet health and privacy.",5000,1715756293000,2024-05-15T02:58:13,0.9450250104993295,0.9450250104993295,1.0,True,0.0
https://www.firefox.com/2024-05-15/2-3,2024-05-15 - 2/3,"Get Firefox for Windows, Mac or Linux. Firefox is a free web browser backed by Mozilla, a non-profit dedicated to internet health and privacy.",5000,1715781265000,2024-05-15T09:54:25,0.9532924936730142,0.9532924936730142,1.0,True,0.0
https://www.firefox.com/2024-05-15/3-3,2024-05-15 - 3/3,"Get Firefox for Windows, Mac or Linux. Firefox is a free web browser backed by Mozilla, a non-profit dedicated to internet health and privacy.",5000,1715803679000,2024-05-15T16:07:59,0.9607746747844742,0.9607746747844742,1.0,True,0.0
https://www.firefox.com/2024-05-16/1-3,2024-05-16 - 1/3,"Get Firefox for Windows, Mac or Linux. Firefox is a free web browser backed by Mozilla, a non-profit dedicated to internet health and privacy.",5000,1715852632000,2024-05-16T05:43:52,0.9773208579525173,0.9773208579525173,1.0,True,0.0
https://www.firefox.com/2024-05-16/2-3,2024-05-16 - 2/3,"Get Firefox for Windows, Mac or Linux. Firefox is a free web browser backed by Mozilla, a non-profit dedicated to internet health and privacy.",5000,1715912981000,2024-05-16T22:29:41,0.998111606003878,0.998111606003878,1.0,True,0.0
https://www.firefox.com/2024-05-16/3-3,2024-05-16 - 3/3,"Get Firefox for Windows, Mac or Linux. Firefox is a free web browser backed by Mozilla, a non-profit dedicated to internet health and privacy.",5000,1715838522000,2024-05-16T01:48:42,0.9725226421235204,0.9725226421235204,1.0,True,0.0
https://www.firefox.com/2024-05-17/1-3,2024-05-17 - 1/3,"Get Firefox for Windows, Mac or Linux. Firefox is a free web browser backed by Mozilla, a non-profit dedicated to internet health and privacy.",5000,1715929535000,2024-05-17T03:05:35,0.9961235783856679,0.9961235783856679,1.0,True,0.0
https://www.firefox.com/2024-05-17/2-3,2024-05-17 - 2/3,"Get Firefox for Windows, Mac or Linux. Firefox is a free web browser backed by Mozilla, a non-profit dedicated to internet health and privacy.",5000,1715925295000,2024-05-17T01:54:55,0.9975978725481788,0.9975978725481788,1.0,True,0.0
https://www.firefox.com/2024-05-17/3-3,2024-05-17 - 3/3,"Get Firefox for Windows, Mac or Linux. Firefox is a free web browser backed by Mozilla, a non-profit dedicated to internet health and privacy.",5000,1715938792000,2024-05-17T05:39:52,0.9929123853813332,0.9929123853813332,1.0,True,0.0
https://www.firefox.com/2024-05-18/1-3,2024-05-18 - 1/3,"Get Firefox for Windows, Mac or Linux. Firefox is a free web browser backed by Mozilla, a non-profit dedicated to internet health and privacy.",5000,1716047317000,2024-05-18T11:48:37,0.9560290143780956,0.9560290143780956,1.0,True,0.0
https://www.firefox.com/2024-05-18/2-3,2024-05-18 - 2/3,"Get Firefox for Windows, Mac or Linux. Firefox is a free web browser backed by Mozilla, a non-profit dedicated to internet health and privacy.",5000,1716079195000,2024-05-18T20:39:55,0.9454575841548473,0.9454575841548473,1.0,True,0.0
https://www.firefox.com/2024-05-18/3-3,2024-05-18 - 3/3,"Get Firefox for Windows, Mac or Linux. Firefox is a free web browser backed by Mozilla, a non-profit dedicated to internet health and privacy.",5000,1716082948000,2024-05-18T21:42:28,0.9442207249447435,0.9442207249447435,1.0,True,0.0
https://www.firefox.com/2024-05-19/1-3,2024-05-19 - 1/3,"Get Firefox for Windows, Mac or Linux. Firefox is a free web browser backed by Mozilla, a non-profit dedicated to internet health and privacy.",5000,1716111831000,2024-05-19T05:43:51,0.9347558716943899,0.9347558716943899,1.0,True,0.0
https://www.firefox.com/2024-05-19/2-3,2024-05-19 - 2/3,"Get Firefox for Windows, Mac or Linux. Firefox is a free web browser backed by Mozilla, a non-profit dedicated to internet health and privacy.",5000,1716139703000,2024-05-19T13:28:23,0.9257122822110632,0.9257122822110632,1.0,True,0.0
https://www.firefox.com/2024-05-19/3-3,2024-05-19 - 3/3,"Get Firefox for Windows, Mac or Linux. Firefox is a free web browser backed by Mozilla, a non-profit dedicated to internet health and privacy.",5000,1716132046000,2024-05-19T11:20:46,0.9281879857820684,0.9281879857820684,1.0,True,0.0
https://www.firefox.com/2024-05-20/1-3,2024-05-20 - 1/3,"Get Firefox for Windows, Mac or Linux. Firefox is a free web browser backed by Mozilla, a non-profit dedicated to internet health and privacy.",5000,1716232628000,2024-05-20T15:17:08,0.8961884219809714,0.8961884219809714,1.0,True,0.0
https://www.firefox.com/2024-05-20/2-3,2024-05-20 - 2/3,"Get Firefox for Windows, Mac or Linux. Firefox is a free web browser backed by Mozilla, a non-profit dedicated to internet health and privacy.",5000,1716237060000,2024-05-20T16:31:00,0.8948040674808538,0.8948040674808538,1.0,True,0.0
https://www.firefox.com/2024-05-20/3-3,2024-05-20 - 3/3,"Get Firefox for Windows, Mac or Linux. Firefox is a free web browser backed by Mozilla, a non-profit dedicated to internet health and privacy.",5000,1716222281000,2024-05-20T12:24:41,0.8994286949760313,0.8994286949760313,1.0,True,0.0
https://www.firefox.com/2024-05-21/1-3,2024-05-21 - 1/3,"Get Firefox for Windows, Mac or Linux. Firefox is a free web browser backed by Mozilla, a non-profit dedicated to internet health and privacy.",5000,1716333531000,2024-05-21T19:18:51,0.8651951744179481,0.8651951744179481,1.0,True,0.0
https://www.firefox.com/2024-05-21/2-3,2024-05-21 - 2/3,"Get Firefox for Windows, Mac or Linux. Firefox is a free web browser backed by Mozilla, a non-profit dedicated to internet health and privacy.",5000,1716292197000,2024-05-21T07:49:57,0.8777595207141999,0.8777595207141999,1.0,True,0.0
https://www.firefox.com/2024-05-21/3-3,2024-05-21 - 3/3,"Get Firefox for Windows, Mac or Linux. Firefox is a free web browser backed by Mozilla, a non-profit dedicated to internet health and privacy.",5000,1716313308000,2024-05-21T13:41:48,0.8713197526841744,0.8713197526841744,1.0,True,0.0
https://www.firefox.com/2024-05-22/1-3,2024-05-22 - 1/3,"Get Firefox for Windows, Mac or Linux. Firefox is a free web browser backed by Mozilla, a non-profit dedicated to internet health and privacy.",5000,1716433391000,2024-05-22T23:03:11,0.8355777106308581,0.8355777106308581,1.0,True,0.0
https://www.firefox.com/2024-05-22/2-3,2024-05-22 - 2/3,"Get Firefox for Windows, Mac or Linux. Firefox is a free web browser backed by Mozilla, a non-profit dedicated to internet health and privacy.",5000,1716354418000,2024-05-22T01:06:58,0.8589146924940465,0.8589146924940465,1.0,True,0.0
https://www.firefox.com/2024-05-22/3-3,2024-05-22 - 3/3,"Get Firefox for Windows, Mac or Linux. Firefox is a free web browser backed by Mozilla, a non-profit dedicated to internet health and privacy.",5000,1716362426000,2024-05-22T03:20:26,0.8565188868917565,0.8565188868917565,1.0,True,0.0
https://www.firefox.com/2024-05-23/1-3,2024-05-23 - 1/3,"Get Firefox for Windows, Mac or Linux. Firefox is a free web browser backed by Mozilla, a non-profit dedicated to internet health and privacy.",5000,1716489331000,2024-05-23T14:35:31,0.8194317808592447,0.8194317808592447,1.0,True,0.0
https://www.firefox.com/2024-05-23/2-3,2024-05-23 - 2/3,"Get Firefox for Windows, Mac or Linux. Firefox is a free web browser backed by Mozilla, a non-profit dedicated to internet health and privacy.",5000,1716445920000,2024-05-23T02:32:00,0.8319340450573913,0.8319340450573913,1.0,True,0.0
https://www.firefox.com/2024-05-23/3-3,2024-05-23 - 3/3,"Get Firefox for Windows, Mac or Linux. Firefox is a free web browser backed by Mozilla, a non-profit dedicated to internet health and privacy.",5000,1716455395000,2024-05-23T05:09:55,0.8291890944239858,0.8291890944239858,1.0,True,0.0
https://www.firefox.com/2024-05-24/1-3,2024-05-24 - 1/3,"Get Firefox for Windows, Mac or Linux. Firefox is a free web browser backed by Mozilla, a non-profit dedicated to internet health and privacy.",5000,1716541976000,2024-05-24T05:12:56,0.8045219585641099,0.8045219585641099,1.0,True,0.0
https://www.firefox.com/2024-05-24/2-3,2024-05-24 - 2/3,"Get Firefox for Windows, Mac or Linux. Firefox is a free web browser backed by Mozilla, a non-profit dedicated to internet health and privacy.",5000,1716597428000,2024-05-24T20:37:08,0.7891104301996111,0.7891104301996111,1.0,True,0.0
https://www.firefox.com/2024-05-24/3-3,2024-05-24 - 3/3,"Get Firefox for Windows, Mac or Linux. Firefox is a free web browser backed by Mozilla, a non-profit dedicated to internet health and privacy.",5000,1716609359000,2024-05-24T23:55:59,0.7858332890692862,0.7858332890692862,1.0,True,0.0
https://www.firefox.com/2024-05-25/1-3,2024-05-25 - 1/3,"Get Firefox for Windows, Mac or Linux. Firefox is a free web browser backed by Mozilla, a non-profit dedicated to internet health and privacy.",5000,1716655609000,2024-05-25T12:46:49,0.773257719264623,0.773257719264623,1.0,True,0.0
https://www.firefox.com/2024-05-25/2-3,2024-05-25 - 2/3,"Get Firefox for Windows, Mac or Linux. Firefox is a free web browser backed by Mozilla, a non-profit dedicated to internet health and privacy.",5000,1716610400000,2024-05-25T00:13:20,0.7855479993057495,0.7855479993057495,1.0,True,0.0
https://www.firefox.com/2024-05-25/3-3,2024-05-25 - 3/3,"Get Firefox for Windows, Mac or Linux. Firefox is a free web browser backed by Mozilla, a non-profit dedicated to internet health and privacy.",5000,1716633377000,2024-05-25T06:36:17,0.7792773752185387,0.7792773752185387,1.0,True,0.0
https://www.firefox.com/2024-05-26/1-3,2024-05-26 - 1/3,"Get Firefox for Windows, Mac or Linux. Firefox is a free web browser backed by Mozilla, a non-profit dedicated to internet health and privacy.",5000,1716731818000,2024-05-26T09:56:58,0.752973656061427,0.752973656061427,1.0,True,0.0
https://www.firefox.com/2024-05-26/2-3,2024-05-26 - 2/3,"Get Firefox for Windows, Mac or Linux. Firefox is a free web browser backed by Mozilla, a non-profit dedicated to internet health and privacy.",5000,1716736499000,2024-05-26T11:14:59,0.7517452334424771,0.7517452334424771,1.0,True,0.0
https://www.firefox.com/2024-05-26/3-3,2024-05-26 - 3/3,"Get Firefox for Windows, Mac or Linux. Firefox is a free web browser backed by Mozilla, a non-profit dedicated to internet health and privacy.",5000,1716740541000,2024-05-26T12:22:21,0.7506861144387137,0.7506861144387137,1.0,True,0.0
https://www.firefox.com/2024-05-27/1-3,2024-05-27 - 1/3,"Get Firefox for Windows, Mac or Linux. Firefox is a free web browser backed by Mozilla, a non-profit dedicated to internet health and privacy.",5000,1716817454000,2024-05-27T09:44:14,0.730814668163544,0.730814668163544,1.0,True,0.0
https://www.firefox.com/2024-05-27/2-3,2024-05-27 - 2/3,"Get Firefox for Windows, Mac or Linux. Firefox is a free web browser backed by Mozilla, a non-profit dedicated to internet health and privacy.",5000,1716786194000,2024-05-27T01:03:14,0.7388268346658365,0.7388268346658365,1.0,True,0.0
https://www.firefox.com/2024-05-27/3-3,2024-05-27 - 3/3,"Get Firefox for Windows, Mac or Linux. Firefox is a free web browser backed by Mozilla, a non-profit dedicated to internet health and privacy.",5000,1716806047000,2024-05-27T06:34:07,0.7337282475641594,0.7337282475641594,1.0,True,0.0
https://www.firefox.com/2024-05-28/1-3,2024-05-28 - 1/3,"Get Firefox for Windows, Mac or Linux. Firefox is a free web browser backed by Mozilla, a non-profit dedicated to internet health and privacy.",5000,1716872241000,2024-05-28T00:57:21,0.716981375153695,0.716981375153695,1.0,True,0.0
https://www.firefox.com/2024-05-28/2-3,2024-05-28 - 2/3,"Get Firefox for Windows, Mac or Linux. Firefox is a free web browser backed by Mozilla, a non-profit dedicated to internet health and privacy.",5000,1716948622000,2024-05-28T22:10:22,0.6981316651839538,0.6981316651839538,1.0,True,0.0
https://www.firefox.com/2024-05-28/3-3,2024-05-28 - 3/3,"Get Firefox for Windows, Mac or Linux. Firefox is a free web browser backed by Mozilla, a non-profit dedicated to internet health and privacy.",5000,1716955023000,2024-05-28T23:57:03,0.6965746806068586,0.6965746806068586,1.0,True,0.0
https://www.firefox.com/2024-05-29/1-3,2024-05-29 - 1/3,"Get Firefox for Windows, Mac or Linux. Firefox is a free web browser backed by Mozilla, a non-profit dedicated to internet health and privacy.",5000,1717035622000,2024-05-29T22:20:22,0.6772643027004431,0.6772643027004431,1.0,True,0.0
https://www.firefox.com/2024-05-29/2-3,2024-05-29 - 2/3,"Get Firefox for Windows, Mac or Linux. Firefox is a free web browser backed by Mozilla, a non-profit dedicated to internet health and privacy.",5000,1717039439000,2024-05-29T23:23:59,0.6763631982142634,0.6763631982142634,1.0,True,0.0
https://www.firefox.com/2024-05-29/3-3,2024-05-29 - 3/3,"Get Firefox for Windows, Mac or Linux. Firefox is a free web browser backed by Mozilla, a non-profit dedicated to internet health and privacy.",5000,1717028172000,2024-05-29T20:16:12,0.679026533318581,0.679026533318581,1.0,True,0.0
https://www.firefox.com/2024-05-30/1-3,2024-05-30 - 1/3,"Get Firefox for Windows, Mac or Linux. Firefox is a free web browser backed by Mozilla, a non-profit dedicated to internet health and privacy.",5000,1717097844000,2024-05-30T15:37:24,0.6627237229089438,0.6627237229089438,1.0,True,0.0
https://www.firefox.com/2024-05-30/2-3,2024-05-30 - 2/3,"Get Firefox for Windows, Mac or Linux. Firefox is a free web browser backed by Mozilla, a non-profit dedicated to internet health and privacy.",5000,1717115126000,2024-05-30T20:25:26,0.6587407983514278,0.6587407983514278,1.0,True,0.0
https://www.firefox.com/2024-05-30/3-3,2024-05-30 - 3/3,"Get Firefox for Windows, Mac or Linux. Firefox is a free web browser backed by Mozilla, a non-profit dedicated to internet health and privacy.",5000,1717123090000,2024-05-30T22:38:10,0.6569134277904645,0.6569134277904645,1.0,True,0.0
https://www.firefox.com/2024-05-31/1-3,2024-05-31 - 1/3,"Get Firefox for Windows, Mac or Linux. Firefox is a free web browser backed by Mozilla, a non-profit dedicated to internet health and privacy.",5000,1717164512000,2024-05-31T10:08:32,0.6474904217781692,0.6474904217781692,1.0,True,0.0
https://www.firefox.com/2024-05-31/2-3,2024-05-31 - 2/3,"Get Firefox for Windows, Mac or Linux. Firefox is a free web browser backed by Mozilla, a non-profit dedicated to internet health and privacy.",5000,1717203248000,2024-05-31T20:54:08,0.638800790378709,0.638800790378709,1.0,True,0.0
https://www.firefox.com/2024-05-31/3-3,2024-05-31 - 3/3,"Get Firefox for Windows, Mac or Linux. Firefox is a free web browser backed by Mozilla, a non-profit dedicated to internet health and privacy.",5000,1717157643000,2024-05-31T08:14:03,0.6490436351640533,0.6490436351640533,1.0,True,0.0
https://www.firefox.com/2024-06-01/1-3,2024-06-01 - 1/3,"Get Firefox for Windows, Mac or Linux. Firefox is a free web browser backed by Mozilla, a non-profit dedicated to internet health and privacy.",5000,1717287310000,2024-06-01T20:15:10,0.620342241395606,0.620342241395606,1.0,True,0.0
https://www.firefox.com/2024-06-01/2-3,2024-06-01 - 2/3,"Get Firefox for Windows, Mac or Linux. Firefox is a free web browser backed by Mozilla, a non-profit dedicated to internet health and privacy.",5000,1717262576000,2024-06-01T13:22:56,0.6257173141820687,0.6257173141820687,1.0,True,0.0
https://www.firefox.com/2024-06-01/3-3,2024-06-01 - 3/3,"Get Firefox for Windows, Mac or Linux. Firefox is a free web browser backed by Mozilla, a non-profit dedicated to internet health and privacy.",5000,1717229458000,2024-06-01T04:10:58,0.6329873575813376,0.6329873575813376,1.0,True,0.0
https://www.firefox.com/2024-06-02/1-3,2024-06-02 - 1/3,"Get Firefox for Windows, Mac or Linux. Firefox is a free web browser backed by Mozilla, a non-profit dedicated to internet health and privacy.",5000,1717330192000,2024-06-02T08:09:52,0.6111325232487423,0.6111325232487423,1.0,True,0.0
https://www.firefox.com/2024-06-02/2-3,2024-06-02 - 2/3,"Get Firefox for Windows, Mac or Linux. Firefox is a free web browser backed by Mozilla, a non-profit dedicated to internet health and privacy.",5000,1717314984000,2024-06-02T03:56:24,0.6143829754229948,0.6143829754229948,1.0,True,0.0
https://www.firefox.com/2024-06-02/3-3,2024-06-02 - 3/3,"Get Firefox for Windows, Mac or Linux. Firefox is a free web browser backed by Mozilla, a non-profit dedicated to internet health and privacy.",5000,1717346690000,2024-06-02T12:44:50,0.6076257992775674,0.6076257992775674,1.0,True,0.0
https://www.firefox.com/2024-06-03/1-3,2024-06-03 - 1/3,"Get Firefox for Windows, Mac or Linux. Firefox is a free web browser backed by Mozilla, a non-profit dedicated to internet health and privacy.",5000,1717407480000,2024-06-03T05:38:00,0.5948773900538624,0.5948773900538624,1.0,True,0.0
https://www.firefox.com/2024-06-03/2-3,2024-06-03 - 2/3,"Get Firefox for Windows, Mac or Linux. Firefox is a free web browser backed by Mozilla, a non-profit dedicated to internet health and privacy.",5000,1717473279000,2024-06-03T23:54:39,0.5813797946379619,0.5813797946379619,1.0,True,0.0
https://www.firefox.com/2024-06-03/3-3,2024-06-03 - 3/3,"Get Firefox for Windows, Mac or Linux. Firefox is a free web browser backed by Mozilla, a non-profit dedicated to internet health and privacy.",5000,1717450401000,2024-06-03T17:33:21,0.5860377557233414,0.5860377557233414,1.0,True,0.0
https://www.firefox.com/2024-06-04/1-3,2024-06-04 - 1/3,"Get Firefox for Windows, Mac or Linux. Firefox is a free web browser backed by Mozilla, a non-profit dedicated to internet health and privacy.",5000,1717549348000,2024-06-04T21:02:28,0.5661567112542497,0.5661567112542497,1.0,True,0.0
https://www.firefox.com/2024-06-04/2-3,2024-06-04 - 2/3,"Get Firefox for Windows, Mac or Linux. Firefox is a free web browser backed by Mozilla, a non-profit dedicated to internet health and privacy.",5000,1717540107000,2024-06-04T18:28:27,0.5679845573894795,0.5679845573894795,1.0,True,0.0
https://www.firefox.com/2024-06-04/3-3,2024-06-04 - 3/3,"Get Firefox for Windows, Mac or Linux. Firefox is a free web browser backed by Mozilla, a non-profit dedicated to internet health and privacy.",5000,1717501484000,2024-06-04T07:44:44,0.5756881816450956,0.5756881816450956,1.0,True,0.0
https://www.firefox.com/2024-06-05/1-3,2024-06-05 - 1/3,"Get Firefox for Windows, Mac or Linux. Firefox is a free web browser backed by Mozilla, a non-profit dedicated to internet health and privacy.",5000,1717600953000,2024-06-05T11:22:33,0.5560569871770304,0.5560569871770304,1.0,True,0.0
https://www.firefox.com/2024-06-05/2-3,2024-06-05 - 2/3,"Get Firefox for Windows, Mac or Linux. Firefox is a free web browser backed by Mozilla, a non-profit dedicated to internet health and privacy.",5000,1717606090000,2024-06-05T12:48:10,0.5550615273900527,0.5550615273900527,1.0,True,0.0
https://www.firefox.com/2024-06-05/3-3,2024-06-05 - 3/3,"Get Firefox for Windows, Mac or Linux. Firefox is a free web browser backed by Mozilla, a non-profit dedicated to internet health and privacy.",5000,1717573579000,2024-06-05T03:46:19,0.5613917665817774,0.5613917665817774,1.0,True,0.0
https://www.firefox.com/2024-06-06/1-3,2024-06-06 - 1/3,"Get Firefox for Windows, Mac or Linux. Firefox is a free web browser backed by Mozilla, a non-profit dedicated to internet health and privacy.",5000,1717653143000,2024-06-06T01:52:23,0.5460260042675446,0.5460260042675446,1.0,True,0.0
https://www.firefox.com/2024-06-06/2-3,2024-06-06 - 2/3,"Get Firefox for Windows, Mac or Linux. Firefox is a free web browser backed by Mozilla, a non-profit dedicated to internet health and privacy.",5000,1717684100000,2024-06-06T10:28:20,0.5401617413503444,0.5401617413503444,1.0,True,0.0
https://www.firefox.com/2024-06-06/3-3,2024-06-06 - 3/3,"Get Firefox for Windows, Mac or Linux. Firefox is a free web browser backed by Mozilla, a non-profit dedicated to internet health and privacy.",5000,1717725096000,2024-06-06T21:51:36,0.5324925820530199,0.5324925820530199,1.0,True,0.0
https://www.firefox.com/2024-06-07/1-3,2024-06-07 - 1/3,"Get Firefox for Windows, Mac or Linux. Firefox is a free web browser backed by Mozilla, a non-profit dedicated to internet health and privacy.",5000,1717786645000,2024-06-07T14:57:25,0.5211825215911783,0.5211825215911783,1.0,True,0.0
https://www.firefox.com/2024-06-07/2-3,2024-06-07 - 2/3,"Get Firefox for Windows, Mac or Linux. Firefox is a free web browser backed by Mozilla, a non-profit dedicated to internet health and privacy.",5000,1717779146000,2024-06-07T12:52:26,0.5225475610132478,0.5225475610132478,1.0,True,0.0
https://www.firefox.com/2024-06-07/3-3,2024-06-07 - 3/3,"Get Firefox for Windows, Mac or Linux. Firefox is a free web browser backed by Mozilla, a non-profit dedicated to internet health and privacy.",5000,1717788235000,2024-06-07T15:23:55,0.5208935531434163,0.5208935531434163,1.0,True,0.0
https://www.firefox.com/2024-06-08/1-3,2024-06-08 - 1/3,"Get Firefox for Windows, Mac or Linux. Firefox is a free web browser backed by Mozilla, a non-profit dedicated to internet health and privacy.",5000,1717892820000,2024-06-08T20:27:00,0.5022338451305887,0.5022338451305887,1.0,True,0.0
https://www.firefox.com/2024-06-08/2-3,2024-06-08 - 2/3,"Get Firefox for Windows, Mac or Linux. Firefox is a free web browser backed by Mozilla, a non-profit dedicated to internet health and privacy.",5000,1717862407000,2024-06-08T12:00:07,0.5075900194890814,0.5075900194890814,1.0,True,0.0
https://www.firefox.com/2024-06-08/3-3,2024-06-08 - 3/3,"Get Firefox for Windows, Mac or Linux. Firefox is a free web browser backed by Mozilla, a non-profit dedicated to internet health and privacy.",5000,1717835221000,2024-06-08T04:27:01,0.512426205820817,0.512426205820817,1.0,True,0.0
https://www.firefox.com/2024-06-09/1-3,2024-06-09 - 1/3,"Get Firefox for Windows, Mac or Linux. Firefox is a free web browser backed by Mozilla, a non-profit dedicated to internet health and privacy.",5000,1717913461000,2024-06-09T02:11:01,0.49863089596386584,0.49863089596386584,1.0,True,0.0
https://www.firefox.com/2024-06-09/2-3,2024-06-09 - 2/3,"Get Firefox for Windows, Mac or Linux. Firefox is a free web browser backed by Mozilla, a non-profit dedicated to internet health and privacy.",5000,1717982469000,2024-06-09T21:21:09,0.48677194779023547,0.48677194779023547,1.0,True,0.0
https://www.firefox.com/2024-06-09/3-3,2024-06-09 - 3/3,"Get Firefox for Windows, Mac or Linux. Firefox is a free web browser backed by Mozilla, a non-profit dedicated to internet health and privacy.",5000,1717979208000,2024-06-09T20:26:48,0.48732594457292744,0.48732594457292744,1.0,True,0.0
https://www.firefox.com/2024-06-10/1-3,2024-06-10 - 1/3,"Get Firefox for Windows, Mac or Linux. Firefox is a free web browser backed by Mozilla, a non-profit dedicated to internet health and privacy.",5000,1718040843000,2024-06-10T13:34:03,0.4769609087778632,0.4769609087778632,1.0,True,0.0
https://www.firefox.com/2024-06-10/2-3,2024-06-10 - 2/3,"Get Firefox for Windows, Mac or Linux. Firefox is a free web browser backed by Mozilla, a non-profit dedicated to internet health and privacy.",5000,1718009054000,2024-06-10T04:44:14,0.4822789724200068,0.4822789724200068,1.0,True,0.0
https://www.firefox.com/2024-06-10/3-3,2024-06-10 - 3/3,"Get Firefox for Windows, Mac or Linux. Firefox is a free web browser backed by Mozilla, a non-profit dedicated to internet health and privacy.",5000,1718064924000,2024-06-10T20:15:24,0.4729714083676145,0.4729714083676145,1.0,True,0.0
https://www.firefox.com/2024-06-11/1-3,2024-06-11 - 1/3,"Get Firefox for Windows, Mac or Linux. Firefox is a free web browser backed by Mozilla, a non-profit dedicated to internet health and privacy.",5000,1718090619000,2024-06-11T03:23:39,0.4687513092724081,0.4687513092724081,1.0,True,0.0
https://www.firefox.com/2024-06-11/2-3,2024-06-11 - 2/3,"Get Firefox for Windows, Mac or Linux. Firefox is a free web browser backed by Mozilla, a non-profit dedicated to internet health and privacy.",5000,1718135006000,2024-06-11T15:43:26,0.461549783222803,0.461549783222803,1.0,True,0.0
https://www.firefox.com/2024-06-11/3-3,2024-06-11 - 3/3,"Get Firefox for Windows, Mac or Linux. Firefox is a free web browser backed by Mozilla, a non-profit dedicated to internet health and privacy.",5000,1718091056000,2024-06-11T03:30:56,0.4686798637996376,0.4686798637996376,1.0,True,0.0
https://www.firefox.com/2024-06-12/1-3,2024-06-12 - 1/3,"Get Firefox for Windows, Mac or Linux. Firefox is a free web browser backed by Mozilla, a non-profit dedicated to internet health and privacy.",5000,1718173599000,2024-06-12T02:26:39,0.45537827755915067,0.45537827755915067,1.0,True,0.0
https://www.firefox.com/2024-06-12/2-3,2024-06-12 - 2/3,"Get Firefox for Windows, Mac or Linux. Firefox is a free web browser backed by Mozilla, a non-profit dedicated to internet health and privacy.",5000,1718176757000,2024-06-12T03:19:17,0.4548769412651643,0.4548769412651643,1.0,True,0.0
https://www.firefox.com/2024-06-12/3-3,2024-06-12 - 3/3,"Get Firefox for Windows, Mac or Linux. Firefox is a free web browser backed by Mozilla, a non-profit dedicated to internet health and privacy.",5000,1718175988000,2024-06-12T03:06:28,0.45499897007948564,0.45499897007948564,1.0,True,0.0
https://www.firefox.com/2024-06-13/1-3,2024-06-13 - 1/3,"Get Firefox for Windows, Mac or Linux. Firefox is a free web browser backed by Mozilla, a non-profit dedicated to internet health and privacy.",5000,1718300260000,2024-06-13T13:37:40,0.43569756420187017,0.43569756420187017,1.0,True,0.0
https://www.firefox.com/2024-06-13/2-3,2024-06-13 - 2/3,"Get Firefox for Windows, Mac or Linux. Firefox is a free web browser backed by Mozilla, a non-profit dedicated to internet health and privacy.",5000,1718271206000,2024-06-13T05:33:26,0.44013546326771424,0.44013546326771424,1.0,True,0.0
https://www.firefox.com/2024-06-13/3-3,2024-06-13 - 3/3,"Get Firefox for Windows, Mac or Linux. Firefox is a free web browser backed by Mozilla, a non-profit dedicated to internet health and privacy.",5000,1718313363000,2024-06-13T17:16:03,0.4337107937931859,0.4337107937931859,1.0,True,0.0
https://www.firefox.com/2024-06-14/1-3,2024-06-14 - 1/3,"Get Firefox for Windows, Mac or Linux. Firefox is a free web browser backed by Mozilla, a non-profit dedicated to internet health and privacy.",5000,1718393536000,2024-06-14T15:32:16,0.4217501676455383,0.4217501676455383,1.0,True,0.0
https://www.firefox.com/2024-06-14/2-3,2024-06-14 - 2/3,"Get Firefox for Windows, Mac or Linux. Firefox is a free web browser backed by Mozilla, a non-profit dedicated to internet health and privacy.",5000,1718378563000,2024-06-14T11:22:43,0.4239585921295487,0.4239585921295487,1.0,True,0.0
https://www.firefox.com/2024-06-14/3-3,2024-06-14 - 3/3,"Get Firefox for Windows, Mac or Linux. Firefox is a free web browser backed by Mozilla, a non-profit dedicated to internet health and privacy.",5000,1718371008000,2024-06-14T09:16:48,0.4250772934505897,0.4250772934505897,1.0,True,0.0
https://www.firefox.com/2024-06-15/1-3,2024-06-15 - 1/3,"Get Firefox for Windows, Mac or Linux. Firefox is a free web browser backed by Mozilla, a non-profit dedicated to internet health and privacy.",5000,1718478524000,2024-06-15T15:08:44,0.40943116707103316,0.40943116707103316,1.0,True,0.0
https://www.firefox.com/2024-06-15/2-3,2024-06-15 - 2/3,"Get Firefox for Windows, Mac or Linux. Firefox is a free web browser backed by Mozilla, a non-profit dedicated to internet health and privacy.",5000,1718436463000,2024-06-15T03:27:43,0.41548226338311955,0.41548226338311955,1.0,True,0.0
https://www.firefox.com/2024-06-15/3-3,2024-06-15 - 3/3,"Get Firefox for Windows, Mac or Linux. Firefox is a free web browser backed by Mozilla, a non-profit dedicated to internet health and privacy.",5000,1718464966000,2024-06-15T11:22:46,0.4113719981123728,0.4113719981123728,1.0,True,0.0
https://www.firefox.com/2024-06-16/1-3,2024-06-16 - 1/3,"Get Firefox for Windows, Mac or Linux. Firefox is a free web browser backed by Mozilla, a non-profit dedicated to internet health and privacy.",5000,1718554824000,2024-06-16T12:20:24,0.3986783315365056,0.3986783315365056,1.0,True,0.0
https://www.firefox.com/2024-06-16/2-3,2024-06-16 - 2/3,"Get Firefox for Windows, Mac or Linux. Firefox is a free web browser backed by Mozilla, a non-profit dedicated to internet health and privacy.",5000,1718569841000,2024-06-16T16:30:41,0.3965955065905453,0.3965955065905453,1.0,True,0.0
https://www.firefox.com/2024-06-16/3-3,2024-06-16 - 3/3,"Get Firefox for Windows, Mac or Linux. Firefox is a free web browser backed by Mozilla, a non-profit dedicated to internet health and privacy.",5000,1718562662000,2024-06-16T14:31:02,0.39758985708119593,0.39758985708119593,1.0,True,0.0
https://www.firefox.com/2024-06-17/1-3,2024-06-17 - 1/3,"Get Firefox for Windows, Mac or Linux. Firefox is a free web browser backed by Mozilla, a non-profit dedicated to internet health and privacy.",5000,1718655986000,2024-06-17T16:26:26,0.3848559074119023,0.3848559074119023,1.0,True,0.0
https://www.firefox.com/2024-06-17/2-3,2024-06-17 - 2/3,"Get Firefox for Windows, Mac or Linux. Firefox is a free web browser backed by Mozilla, a non-profit dedicated to internet health and privacy.",5000,1718626749000,2024-06-17T08:19:09,0.3888007638749073,0.3888007638749073,1.0,True,0.0
https://www.firefox.com/2024-06-17/3-3,2024-06-17 - 3/3,"Get Firefox for Windows, Mac or Linux. Firefox is a free web browser backed by Mozilla, a non-profit dedicated to internet health and privacy.",5000,1718651039000,2024-06-17T15:03:59,0.38552056612290503,0.38552056612290503,1.0,True,0.0
https://www.firefox.com/2024-06-18/1-3,2024-06-18 - 1/3,"Get Firefox for Windows, Mac or Linux. Firefox is a free web browser backed by Mozilla, a non-profit dedicated to internet health and privacy.",5000,1718755464000,2024-06-18T20:04:24,0.3717310019398129,0.3717310019398129,1.0,True,0.0
https://www.firefox.com/2024-06-18/2-3,2024-06-18 - 2/3,"Get Firefox for Windows, Mac or Linux. Firefox is a free web browser backed by Mozilla, a non-profit dedicated to internet health and privacy.",5000,1718711383000,2024-06-18T07:49:43,0.37749079891120657,0.37749079891120657,1.0,True,0.0
https://www.firefox.com/2024-06-18/3-3,2024-06-18 - 3/3,"Get Firefox for Windows, Mac or Linux. Firefox is a free web browser backed by Mozilla, a non-profit dedicated to internet health and privacy.",5000,1718739570000,2024-06-18T15:39:30,0.37379757268452674,0.37379757268452674,1.0,True,0.0
https://www.firefox.com/2024-06-19/1-3,2024-06-19 - 1/3,"Get Firefox for Windows, Mac or Linux. Firefox is a free web browser backed by Mozilla, a non-profit dedicated to internet health and privacy.",5000,1718784596000,2024-06-19T04:09:56,0.3679728155849115,0.3679728155849115,1.0,True,0.0
